trade_id,trade_date,portfolio_id,ticker,sector,quantity,price,currency,gross_value,trade_type
TRD-000001,2022-01-03,WAM-001,AAPL,Technology,200,182.0,USD,36400.0,BUY
TRD-000002,2022-01-03,WAM-001,MSFT,Technology,-100,310.0,USD,31000.0,SELL
TRD-000003,2022-01-03,WAM-001,JPM,Financials,200,135.0,USD,27000.0,BUY
TRD-000004,2022-01-03,WAM-001,GS,Financials,100,350.0,USD,35000.0,BUY
TRD-000005,2022-01-03,WAM-001,BLK,Financials,50,690.0,USD,34500.0,BUY
TRD-000006,2022-01-03,WAM-001,BAC,Financials,-100,38.0,USD,3800.0,SELL
TRD-000007,2022-01-03,WAM-001,SCHW,Financials,-50,75.0,USD,3750.0,SELL
TRD-000008,2022-01-03,WAM-001,WFC,Financials,50,46.0,USD,2300.0,BUY
TRD-000016,2022-01-10,WAM-001,WFC,Financials,-50,47.1356,USD,2356.78,SELL
TRD-000015,2022-01-10,WAM-001,SCHW,Financials,100,71.8241,USD,7182.41,BUY
TRD-000014,2022-01-10,WAM-001,BAC,Financials,100,37.119,USD,3711.9,BUY
TRD-000013,2022-01-10,WAM-001,BLK,Financials,100,708.4875,USD,70848.75,BUY
TRD-000010,2022-01-10,WAM-001,MSFT,Technology,100,321.1005,USD,32110.05,BUY
TRD-000011,2022-01-10,WAM-001,JPM,Financials,-100,133.3071,USD,13330.71,SELL
TRD-000009,2022-01-10,WAM-001,AAPL,Technology,-50,190.0487,USD,9502.43,SELL
TRD-000012,2022-01-10,WAM-001,GS,Financials,100,356.531,USD,35653.1,BUY
TRD-000022,2022-01-17,WAM-001,BAC,Financials,-50,38.4598,USD,1922.99,SELL
TRD-000024,2022-01-17,WAM-001,WFC,Financials,-50,47.9148,USD,2395.74,SELL
TRD-000023,2022-01-17,WAM-001,SCHW,Financials,100,71.357,USD,7135.7,BUY
TRD-000021,2022-01-17,WAM-001,BLK,Financials,50,704.3594,USD,35217.97,BUY
TRD-000018,2022-01-17,WAM-001,MSFT,Technology,-50,310.5873,USD,15529.37,SELL
TRD-000019,2022-01-17,WAM-001,JPM,Financials,50,133.8978,USD,6694.89,BUY
TRD-000017,2022-01-17,WAM-001,AAPL,Technology,200,198.0708,USD,39614.16,BUY
TRD-000020,2022-01-17,WAM-001,GS,Financials,100,365.1897,USD,36518.97,BUY
TRD-000025,2022-01-24,WAM-001,AAPL,Technology,100,184.0349,USD,18403.49,BUY
TRD-000026,2022-01-24,WAM-001,MSFT,Technology,-50,304.789,USD,15239.45,SELL
TRD-000027,2022-01-24,WAM-001,JPM,Financials,-100,135.9386,USD,13593.86,SELL
TRD-000028,2022-01-24,WAM-001,GS,Financials,200,356.4847,USD,71296.94,BUY
TRD-000029,2022-01-24,WAM-001,BLK,Financials,200,702.8312,USD,140566.24,BUY
TRD-000030,2022-01-24,WAM-001,BAC,Financials,100,38.4454,USD,3844.54,BUY
TRD-000031,2022-01-24,WAM-001,SCHW,Financials,-100,75.1431,USD,7514.31,SELL
TRD-000032,2022-01-24,WAM-001,WFC,Financials,50,49.052,USD,2452.6,BUY
TRD-000039,2022-01-31,WAM-001,SCHW,Financials,-100,76.4708,USD,7647.08,SELL
TRD-000040,2022-01-31,WAM-001,WFC,Financials,200,45.6779,USD,9135.58,BUY
TRD-000037,2022-01-31,WAM-001,BLK,Financials,100,732.9533,USD,73295.33,BUY
TRD-000038,2022-01-31,WAM-001,BAC,Financials,200,39.1721,USD,7834.42,BUY
TRD-000035,2022-01-31,WAM-001,JPM,Financials,-100,132.5558,USD,13255.58,SELL
TRD-000036,2022-01-31,WAM-001,GS,Financials,50,369.6235,USD,18481.17,BUY
TRD-000034,2022-01-31,WAM-001,MSFT,Technology,100,299.9069,USD,29990.69,BUY
TRD-000033,2022-01-31,WAM-001,AAPL,Technology,-100,173.253,USD,17325.3,SELL
TRD-000041,2022-02-07,WAM-001,AAPL,Technology,200,171.7216,USD,34344.32,BUY
TRD-000042,2022-02-07,WAM-001,MSFT,Technology,-50,305.9528,USD,15297.64,SELL
TRD-000043,2022-02-07,WAM-001,JPM,Financials,50,129.8708,USD,6493.54,BUY
TRD-000044,2022-02-07,WAM-001,GS,Financials,-100,374.0038,USD,37400.38,SELL
TRD-000045,2022-02-07,WAM-001,BLK,Financials,200,727.7113,USD,145542.26,BUY
TRD-000046,2022-02-07,WAM-001,BAC,Financials,200,38.6891,USD,7737.82,BUY
TRD-000047,2022-02-07,WAM-001,SCHW,Financials,50,75.014,USD,3750.7,BUY
TRD-000048,2022-02-07,WAM-001,WFC,Financials,200,44.5439,USD,8908.78,BUY
TRD-000055,2022-02-14,WAM-001,SCHW,Financials,-100,75.8151,USD,7581.51,SELL
TRD-000054,2022-02-14,WAM-001,BAC,Financials,100,39.5478,USD,3954.78,BUY
TRD-000053,2022-02-14,WAM-001,BLK,Financials,-50,717.767,USD,35888.35,SELL
TRD-000056,2022-02-14,WAM-001,WFC,Financials,50,45.3831,USD,2269.15,BUY
TRD-000051,2022-02-14,WAM-001,JPM,Financials,200,119.1574,USD,23831.48,BUY
TRD-000050,2022-02-14,WAM-001,MSFT,Technology,200,286.2096,USD,57241.92,BUY
TRD-000049,2022-02-14,WAM-001,AAPL,Technology,200,167.5381,USD,33507.62,BUY
TRD-000052,2022-02-14,WAM-001,GS,Financials,-50,399.7658,USD,19988.29,SELL
TRD-000063,2022-02-21,WAM-001,SCHW,Financials,100,76.6062,USD,7660.62,BUY
TRD-000062,2022-02-21,WAM-001,BAC,Financials,-50,39.3706,USD,1968.53,SELL
TRD-000061,2022-02-21,WAM-001,BLK,Financials,100,715.4337,USD,71543.37,BUY
TRD-000064,2022-02-21,WAM-001,WFC,Financials,-50,46.5042,USD,2325.21,SELL
TRD-000059,2022-02-21,WAM-001,JPM,Financials,-50,119.1836,USD,5959.18,SELL
TRD-000058,2022-02-21,WAM-001,MSFT,Technology,-50,288.2489,USD,14412.44,SELL
TRD-000057,2022-02-21,WAM-001,AAPL,Technology,100,171.0022,USD,17100.22,BUY
TRD-000060,2022-02-21,WAM-001,GS,Financials,-50,408.4828,USD,20424.14,SELL
TRD-000065,2022-02-28,WAM-001,AAPL,Technology,200,159.509,USD,31901.8,BUY
TRD-000066,2022-02-28,WAM-001,MSFT,Technology,200,288.553,USD,57710.6,BUY
TRD-000067,2022-02-28,WAM-001,JPM,Financials,-100,113.5476,USD,11354.76,SELL
TRD-000068,2022-02-28,WAM-001,GS,Financials,-50,397.0999,USD,19854.99,SELL
TRD-000069,2022-02-28,WAM-001,BLK,Financials,-100,748.7872,USD,74878.72,SELL
TRD-000070,2022-02-28,WAM-001,BAC,Financials,100,40.4036,USD,4040.36,BUY
TRD-000071,2022-02-28,WAM-001,SCHW,Financials,-100,76.1177,USD,7611.77,SELL
TRD-000072,2022-02-28,WAM-001,WFC,Financials,-50,46.0203,USD,2301.01,SELL
TRD-000079,2022-03-07,WAM-001,SCHW,Financials,100,77.0948,USD,7709.48,BUY
TRD-000080,2022-03-07,WAM-001,WFC,Financials,50,47.2718,USD,2363.59,BUY
TRD-000077,2022-03-07,WAM-001,BLK,Financials,100,744.3253,USD,74432.53,BUY
TRD-000078,2022-03-07,WAM-001,BAC,Financials,-100,37.2246,USD,3722.46,SELL
TRD-000075,2022-03-07,WAM-001,JPM,Financials,200,111.0857,USD,22217.14,BUY
TRD-000073,2022-03-07,WAM-001,AAPL,Technology,100,157.199,USD,15719.9,BUY
TRD-000076,2022-03-07,WAM-001,GS,Financials,100,386.8774,USD,38687.74,BUY
TRD-000074,2022-03-07,WAM-001,MSFT,Technology,100,287.3158,USD,28731.58,BUY
TRD-000081,2022-03-14,WAM-001,AAPL,Technology,200,153.4069,USD,30681.38,BUY
TRD-000082,2022-03-14,WAM-001,MSFT,Technology,200,284.154,USD,56830.8,BUY
TRD-000083,2022-03-14,WAM-001,JPM,Financials,100,108.6813,USD,10868.13,BUY
TRD-000084,2022-03-14,WAM-001,GS,Financials,-100,382.1922,USD,38219.22,SELL
TRD-000085,2022-03-14,WAM-001,BLK,Financials,200,706.0659,USD,141213.18,BUY
TRD-000086,2022-03-14,WAM-001,BAC,Financials,200,37.0683,USD,7413.66,BUY
TRD-000087,2022-03-14,WAM-001,SCHW,Financials,50,76.369,USD,3818.45,BUY
TRD-000088,2022-03-14,WAM-001,WFC,Financials,100,49.5608,USD,4956.08,BUY
TRD-000096,2022-03-21,WAM-001,WFC,Financials,-100,48.5632,USD,4856.32,SELL
TRD-000095,2022-03-21,WAM-001,SCHW,Financials,50,76.1434,USD,3807.17,BUY
TRD-000094,2022-03-21,WAM-001,BAC,Financials,-50,37.227,USD,1861.35,SELL
TRD-000093,2022-03-21,WAM-001,BLK,Financials,-100,710.1092,USD,71010.92,SELL
TRD-000090,2022-03-21,WAM-001,MSFT,Technology,200,297.0375,USD,59407.5,BUY
TRD-000091,2022-03-21,WAM-001,JPM,Financials,200,109.6035,USD,21920.7,BUY
TRD-000089,2022-03-21,WAM-001,AAPL,Technology,200,156.3107,USD,31262.14,BUY
TRD-000092,2022-03-21,WAM-001,GS,Financials,200,395.1166,USD,79023.32,BUY
TRD-000102,2022-03-28,WAM-001,BAC,Financials,-50,42.4025,USD,2120.12,SELL
TRD-000104,2022-03-28,WAM-001,WFC,Financials,50,49.285,USD,2464.25,BUY
TRD-000103,2022-03-28,WAM-001,SCHW,Financials,-50,75.5233,USD,3776.17,SELL
TRD-000101,2022-03-28,WAM-001,BLK,Financials,100,730.2607,USD,73026.07,BUY
TRD-000098,2022-03-28,WAM-001,MSFT,Technology,200,299.6854,USD,59937.08,BUY
TRD-000099,2022-03-28,WAM-001,JPM,Financials,50,109.2192,USD,5460.96,BUY
TRD-000097,2022-03-28,WAM-001,AAPL,Technology,50,159.7898,USD,7989.49,BUY
TRD-000100,2022-03-28,WAM-001,GS,Financials,100,392.5604,USD,39256.04,BUY
TRD-000105,2022-04-04,WAM-001,AAPL,Technology,-100,154.2609,USD,15426.09,SELL
TRD-000106,2022-04-04,WAM-001,MSFT,Technology,-100,316.5593,USD,31655.93,SELL
TRD-000107,2022-04-04,WAM-001,JPM,Financials,200,112.4731,USD,22494.62,BUY
TRD-000108,2022-04-04,WAM-001,GS,Financials,-100,394.7616,USD,39476.16,SELL
TRD-000109,2022-04-04,WAM-001,BLK,Financials,-50,769.3351,USD,38466.75,SELL
TRD-000110,2022-04-04,WAM-001,BAC,Financials,-100,41.9021,USD,4190.21,SELL
TRD-000111,2022-04-04,WAM-001,SCHW,Financials,200,72.711,USD,14542.2,BUY
TRD-000112,2022-04-04,WAM-001,WFC,Financials,100,51.9705,USD,5197.05,BUY
TRD-000117,2022-04-11,WAM-001,BLK,Financials,100,787.7775,USD,78777.75,BUY
TRD-000119,2022-04-11,WAM-001,SCHW,Financials,200,70.8178,USD,14163.56,BUY
TRD-000118,2022-04-11,WAM-001,BAC,Financials,50,41.8099,USD,2090.49,BUY
TRD-000120,2022-04-11,WAM-001,WFC,Financials,200,51.0733,USD,10214.66,BUY
TRD-000116,2022-04-11,WAM-001,GS,Financials,50,388.519,USD,19425.95,BUY
TRD-000114,2022-04-11,WAM-001,MSFT,Technology,-100,317.2913,USD,31729.13,SELL
TRD-000113,2022-04-11,WAM-001,AAPL,Technology,-100,160.2589,USD,16025.89,SELL
TRD-000115,2022-04-11,WAM-001,JPM,Financials,-50,111.0325,USD,5551.62,SELL
TRD-000121,2022-04-18,WAM-001,AAPL,Technology,50,163.0155,USD,8150.78,BUY
TRD-000122,2022-04-18,WAM-001,MSFT,Technology,-50,317.2164,USD,15860.82,SELL
TRD-000123,2022-04-18,WAM-001,JPM,Financials,-50,109.7904,USD,5489.52,SELL
TRD-000124,2022-04-18,WAM-001,GS,Financials,-50,395.8958,USD,19794.79,SELL
TRD-000125,2022-04-18,WAM-001,BLK,Financials,100,771.7812,USD,77178.12,BUY
TRD-000126,2022-04-18,WAM-001,BAC,Financials,200,42.0449,USD,8408.98,BUY
TRD-000127,2022-04-18,WAM-001,SCHW,Financials,200,70.8208,USD,14164.16,BUY
TRD-000128,2022-04-18,WAM-001,WFC,Financials,200,51.1123,USD,10222.46,BUY
TRD-000135,2022-04-25,WAM-001,SCHW,Financials,50,72.2032,USD,3610.16,BUY
TRD-000134,2022-04-25,WAM-001,BAC,Financials,-100,40.1888,USD,4018.88,SELL
TRD-000133,2022-04-25,WAM-001,BLK,Financials,100,796.4231,USD,79642.31,BUY
TRD-000136,2022-04-25,WAM-001,WFC,Financials,-50,50.8426,USD,2542.13,SELL
TRD-000131,2022-04-25,WAM-001,JPM,Financials,50,110.4096,USD,5520.48,BUY
TRD-000130,2022-04-25,WAM-001,MSFT,Technology,200,330.8937,USD,66178.74,BUY
TRD-000129,2022-04-25,WAM-001,AAPL,Technology,100,159.8056,USD,15980.56,BUY
TRD-000132,2022-04-25,WAM-001,GS,Financials,-100,389.4599,USD,38945.99,SELL
TRD-000143,2022-05-02,WAM-001,SCHW,Financials,-100,73.5867,USD,7358.67,SELL
TRD-000142,2022-05-02,WAM-001,BAC,Financials,100,39.4885,USD,3948.85,BUY
TRD-000141,2022-05-02,WAM-001,BLK,Financials,100,796.6036,USD,79660.36,BUY
TRD-000144,2022-05-02,WAM-001,WFC,Financials,-50,52.4086,USD,2620.43,SELL
TRD-000139,2022-05-02,WAM-001,JPM,Financials,100,114.6211,USD,11462.11,BUY
TRD-000138,2022-05-02,WAM-001,MSFT,Technology,-50,335.491,USD,16774.55,SELL
TRD-000137,2022-05-02,WAM-001,AAPL,Technology,-50,161.0705,USD,8053.53,SELL
TRD-000140,2022-05-02,WAM-001,GS,Financials,-50,392.8261,USD,19641.31,SELL
TRD-000145,2022-05-09,WAM-001,AAPL,Technology,200,163.6024,USD,32720.48,BUY
TRD-000146,2022-05-09,WAM-001,MSFT,Technology,-50,364.7322,USD,18236.61,SELL
TRD-000147,2022-05-09,WAM-001,JPM,Financials,-50,122.2311,USD,6111.56,SELL
TRD-000148,2022-05-09,WAM-001,GS,Financials,-50,384.6714,USD,19233.57,SELL
TRD-000149,2022-05-09,WAM-001,BLK,Financials,200,781.7009,USD,156340.18,BUY
TRD-000150,2022-05-09,WAM-001,BAC,Financials,200,38.1218,USD,7624.36,BUY
TRD-000151,2022-05-09,WAM-001,SCHW,Financials,100,72.5276,USD,7252.76,BUY
TRD-000152,2022-05-09,WAM-001,WFC,Financials,200,51.4516,USD,10290.32,BUY
TRD-000159,2022-05-16,WAM-001,SCHW,Financials,-50,71.7651,USD,3588.26,SELL
TRD-000160,2022-05-16,WAM-001,WFC,Financials,100,49.8763,USD,4987.63,BUY
TRD-000157,2022-05-16,WAM-001,BLK,Financials,50,775.535,USD,38776.75,BUY
TRD-000158,2022-05-16,WAM-001,BAC,Financials,50,38.9354,USD,1946.77,BUY
TRD-000155,2022-05-16,WAM-001,JPM,Financials,100,117.0318,USD,11703.18,BUY
TRD-000153,2022-05-16,WAM-001,AAPL,Technology,100,163.0329,USD,16303.29,BUY
TRD-000156,2022-05-16,WAM-001,GS,Financials,-50,355.5448,USD,17777.24,SELL
TRD-000154,2022-05-16,WAM-001,MSFT,Technology,-100,373.2015,USD,37320.15,SELL
TRD-000161,2022-05-23,WAM-001,AAPL,Technology,-50,160.2462,USD,8012.31,SELL
TRD-000162,2022-05-23,WAM-001,MSFT,Technology,200,369.7705,USD,73954.1,BUY
TRD-000163,2022-05-23,WAM-001,JPM,Financials,100,120.7012,USD,12070.12,BUY
TRD-000164,2022-05-23,WAM-001,GS,Financials,-50,358.2795,USD,17913.97,SELL
TRD-000165,2022-05-23,WAM-001,BLK,Financials,200,789.2654,USD,157853.08,BUY
TRD-000166,2022-05-23,WAM-001,BAC,Financials,200,39.5166,USD,7903.32,BUY
TRD-000167,2022-05-23,WAM-001,SCHW,Financials,100,70.9001,USD,7090.01,BUY
TRD-000168,2022-05-23,WAM-001,WFC,Financials,-100,49.3097,USD,4930.97,SELL
TRD-000176,2022-05-30,WAM-001,WFC,Financials,200,49.8297,USD,9965.94,BUY
TRD-000175,2022-05-30,WAM-001,SCHW,Financials,200,70.8179,USD,14163.58,BUY
TRD-000174,2022-05-30,WAM-001,BAC,Financials,200,38.9591,USD,7791.82,BUY
TRD-000173,2022-05-30,WAM-001,BLK,Financials,-100,781.3145,USD,78131.45,SELL
TRD-000170,2022-05-30,WAM-001,MSFT,Technology,200,366.0814,USD,73216.28,BUY
TRD-000171,2022-05-30,WAM-001,JPM,Financials,-100,122.1038,USD,12210.38,SELL
TRD-000169,2022-05-30,WAM-001,AAPL,Technology,-100,152.0304,USD,15203.04,SELL
TRD-000172,2022-05-30,WAM-001,GS,Financials,200,354.9426,USD,70988.52,BUY
TRD-000182,2022-06-06,WAM-001,BAC,Financials,100,40.3611,USD,4036.11,BUY
TRD-000184,2022-06-06,WAM-001,WFC,Financials,-50,53.5221,USD,2676.11,SELL
TRD-000183,2022-06-06,WAM-001,SCHW,Financials,-50,72.2028,USD,3610.14,SELL
TRD-000181,2022-06-06,WAM-001,BLK,Financials,-50,748.9933,USD,37449.67,SELL
TRD-000178,2022-06-06,WAM-001,MSFT,Technology,50,369.7899,USD,18489.49,BUY
TRD-000179,2022-06-06,WAM-001,JPM,Financials,-100,118.4902,USD,11849.02,SELL
TRD-000177,2022-06-06,WAM-001,AAPL,Technology,200,159.745,USD,31949.0,BUY
TRD-000180,2022-06-06,WAM-001,GS,Financials,200,329.7955,USD,65959.1,BUY
TRD-000192,2022-06-13,WAM-001,WFC,Financials,-100,52.5362,USD,5253.62,SELL
TRD-000185,2022-06-13,WAM-001,AAPL,Technology,50,161.2858,USD,8064.29,BUY
TRD-000186,2022-06-13,WAM-001,MSFT,Technology,-100,390.5485,USD,39054.85,SELL
TRD-000187,2022-06-13,WAM-001,JPM,Financials,50,120.1374,USD,6006.87,BUY
TRD-000188,2022-06-13,WAM-001,GS,Financials,-100,325.5975,USD,32559.75,SELL
TRD-000189,2022-06-13,WAM-001,BLK,Financials,200,784.411,USD,156882.2,BUY
TRD-000190,2022-06-13,WAM-001,BAC,Financials,50,39.5522,USD,1977.61,BUY
TRD-000191,2022-06-13,WAM-001,SCHW,Financials,100,71.6496,USD,7164.96,BUY
TRD-000199,2022-06-20,WAM-001,SCHW,Financials,50,71.9602,USD,3598.01,BUY
TRD-000198,2022-06-20,WAM-001,BAC,Financials,-50,41.465,USD,2073.25,SELL
TRD-000200,2022-06-20,WAM-001,WFC,Financials,-50,50.5233,USD,2526.16,SELL
TRD-000197,2022-06-20,WAM-001,BLK,Financials,200,741.2205,USD,148244.1,BUY
TRD-000196,2022-06-20,WAM-001,GS,Financials,200,323.3857,USD,64677.14,BUY
TRD-000195,2022-06-20,WAM-001,JPM,Financials,-50,125.1788,USD,6258.94,SELL
TRD-000194,2022-06-20,WAM-001,MSFT,Technology,100,392.2671,USD,39226.71,BUY
TRD-000193,2022-06-20,WAM-001,AAPL,Technology,50,164.5945,USD,8229.73,BUY
TRD-000201,2022-06-27,WAM-001,AAPL,Technology,100,166.4274,USD,16642.74,BUY
TRD-000202,2022-06-27,WAM-001,MSFT,Technology,-100,394.1677,USD,39416.77,SELL
TRD-000203,2022-06-27,WAM-001,JPM,Financials,50,123.0989,USD,6154.94,BUY
TRD-000204,2022-06-27,WAM-001,GS,Financials,-100,315.3979,USD,31539.79,SELL
TRD-000205,2022-06-27,WAM-001,BLK,Financials,-50,782.775,USD,39138.75,SELL
TRD-000206,2022-06-27,WAM-001,BAC,Financials,200,43.0008,USD,8600.16,BUY
TRD-000207,2022-06-27,WAM-001,SCHW,Financials,-100,75.7131,USD,7571.31,SELL
TRD-000208,2022-06-27,WAM-001,WFC,Financials,-100,50.1995,USD,5019.95,SELL
TRD-000216,2022-07-04,WAM-001,WFC,Financials,-100,51.3714,USD,5137.14,SELL
TRD-000215,2022-07-04,WAM-001,SCHW,Financials,-50,78.9316,USD,3946.58,SELL
TRD-000214,2022-07-04,WAM-001,BAC,Financials,-50,41.5216,USD,2076.08,SELL
TRD-000213,2022-07-04,WAM-001,BLK,Financials,200,802.873,USD,160574.6,BUY
TRD-000209,2022-07-04,WAM-001,AAPL,Technology,200,167.5708,USD,33514.16,BUY
TRD-000211,2022-07-04,WAM-001,JPM,Financials,-100,127.6493,USD,12764.93,SELL
TRD-000210,2022-07-04,WAM-001,MSFT,Technology,-100,402.2089,USD,40220.89,SELL
TRD-000212,2022-07-04,WAM-001,GS,Financials,200,321.174,USD,64234.8,BUY
TRD-000222,2022-07-11,WAM-001,BAC,Financials,200,42.8628,USD,8572.56,BUY
TRD-000224,2022-07-11,WAM-001,WFC,Financials,100,48.8658,USD,4886.58,BUY
TRD-000223,2022-07-11,WAM-001,SCHW,Financials,-50,76.3194,USD,3815.97,SELL
TRD-000221,2022-07-11,WAM-001,BLK,Financials,50,816.1064,USD,40805.32,BUY
TRD-000217,2022-07-11,WAM-001,AAPL,Technology,50,159.4064,USD,7970.32,BUY
TRD-000219,2022-07-11,WAM-001,JPM,Financials,-50,129.2518,USD,6462.59,SELL
TRD-000218,2022-07-11,WAM-001,MSFT,Technology,-50,397.4079,USD,19870.4,SELL
TRD-000220,2022-07-11,WAM-001,GS,Financials,50,314.3797,USD,15718.99,BUY
TRD-000225,2022-07-18,WAM-001,AAPL,Technology,100,159.9292,USD,15992.92,BUY
TRD-000226,2022-07-18,WAM-001,MSFT,Technology,-100,413.2971,USD,41329.71,SELL
TRD-000227,2022-07-18,WAM-001,JPM,Financials,-50,134.7935,USD,6739.67,SELL
TRD-000228,2022-07-18,WAM-001,GS,Financials,100,324.2847,USD,32428.47,BUY
TRD-000229,2022-07-18,WAM-001,BLK,Financials,-50,796.4423,USD,39822.12,SELL
TRD-000230,2022-07-18,WAM-001,BAC,Financials,-50,42.3949,USD,2119.74,SELL
TRD-000231,2022-07-18,WAM-001,SCHW,Financials,100,78.5275,USD,7852.75,BUY
TRD-000232,2022-07-18,WAM-001,WFC,Financials,-50,48.6512,USD,2432.56,SELL
TRD-000237,2022-07-25,WAM-001,BLK,Financials,200,772.0769,USD,154415.38,BUY
TRD-000239,2022-07-25,WAM-001,SCHW,Financials,50,83.1855,USD,4159.28,BUY
TRD-000238,2022-07-25,WAM-001,BAC,Financials,-100,45.1351,USD,4513.51,SELL
TRD-000240,2022-07-25,WAM-001,WFC,Financials,50,51.2681,USD,2563.4,BUY
TRD-000236,2022-07-25,WAM-001,GS,Financials,100,323.8271,USD,32382.71,BUY
TRD-000234,2022-07-25,WAM-001,MSFT,Technology,-100,441.8321,USD,44183.21,SELL
TRD-000235,2022-07-25,WAM-001,JPM,Financials,200,133.8896,USD,26777.92,BUY
TRD-000233,2022-07-25,WAM-001,AAPL,Technology,50,161.4314,USD,8071.57,BUY
TRD-000241,2022-08-01,WAM-001,AAPL,Technology,50,159.1743,USD,7958.71,BUY
TRD-000242,2022-08-01,WAM-001,MSFT,Technology,50,427.1206,USD,21356.03,BUY
TRD-000243,2022-08-01,WAM-001,JPM,Financials,100,136.2807,USD,13628.07,BUY
TRD-000244,2022-08-01,WAM-001,GS,Financials,100,315.9561,USD,31595.61,BUY
TRD-000245,2022-08-01,WAM-001,BLK,Financials,-50,747.4629,USD,37373.14,SELL
TRD-000246,2022-08-01,WAM-001,BAC,Financials,-50,45.4571,USD,2272.86,SELL
TRD-000247,2022-08-01,WAM-001,SCHW,Financials,-100,82.7767,USD,8277.67,SELL
TRD-000248,2022-08-01,WAM-001,WFC,Financials,-50,50.7626,USD,2538.13,SELL
TRD-000256,2022-08-08,WAM-001,WFC,Financials,-100,51.1958,USD,5119.58,SELL
TRD-000255,2022-08-08,WAM-001,SCHW,Financials,100,83.5789,USD,8357.89,BUY
TRD-000254,2022-08-08,WAM-001,BAC,Financials,200,46.1545,USD,9230.9,BUY
TRD-000253,2022-08-08,WAM-001,BLK,Financials,200,769.4591,USD,153891.82,BUY
TRD-000250,2022-08-08,WAM-001,MSFT,Technology,-100,433.9577,USD,43395.77,SELL
TRD-000251,2022-08-08,WAM-001,JPM,Financials,-100,138.5372,USD,13853.72,SELL
TRD-000249,2022-08-08,WAM-001,AAPL,Technology,-100,160.8696,USD,16086.96,SELL
TRD-000252,2022-08-08,WAM-001,GS,Financials,50,312.2841,USD,15614.21,BUY
TRD-000262,2022-08-15,WAM-001,BAC,Financials,-100,47.039,USD,4703.9,SELL
TRD-000264,2022-08-15,WAM-001,WFC,Financials,-50,50.9289,USD,2546.44,SELL
TRD-000263,2022-08-15,WAM-001,SCHW,Financials,-100,83.5835,USD,8358.35,SELL
TRD-000261,2022-08-15,WAM-001,BLK,Financials,100,774.8167,USD,77481.67,BUY
TRD-000257,2022-08-15,WAM-001,AAPL,Technology,50,164.4526,USD,8222.63,BUY
TRD-000259,2022-08-15,WAM-001,JPM,Financials,-50,136.2609,USD,6813.05,SELL
TRD-000258,2022-08-15,WAM-001,MSFT,Technology,-50,444.6921,USD,22234.6,SELL
TRD-000260,2022-08-15,WAM-001,GS,Financials,100,305.2589,USD,30525.89,BUY
TRD-000265,2022-08-22,WAM-001,AAPL,Technology,-50,168.1842,USD,8409.21,SELL
TRD-000266,2022-08-22,WAM-001,MSFT,Technology,-50,453.9911,USD,22699.56,SELL
TRD-000267,2022-08-22,WAM-001,JPM,Financials,-50,136.3922,USD,6819.61,SELL
TRD-000268,2022-08-22,WAM-001,GS,Financials,200,310.6157,USD,62123.14,BUY
TRD-000269,2022-08-22,WAM-001,BLK,Financials,-100,742.0186,USD,74201.86,SELL
TRD-000270,2022-08-22,WAM-001,BAC,Financials,-100,45.9226,USD,4592.26,SELL
TRD-000271,2022-08-22,WAM-001,SCHW,Financials,-50,82.1381,USD,4106.9,SELL
TRD-000272,2022-08-22,WAM-001,WFC,Financials,50,48.6072,USD,2430.36,BUY
TRD-000278,2022-08-29,WAM-001,BAC,Financials,100,46.41,USD,4641.0,BUY
TRD-000279,2022-08-29,WAM-001,SCHW,Financials,-50,85.21,USD,4260.5,SELL
TRD-000280,2022-08-29,WAM-001,WFC,Financials,-50,46.7819,USD,2339.09,SELL
TRD-000277,2022-08-29,WAM-001,BLK,Financials,50,740.5839,USD,37029.19,BUY
TRD-000275,2022-08-29,WAM-001,JPM,Financials,50,130.7533,USD,6537.66,BUY
TRD-000274,2022-08-29,WAM-001,MSFT,Technology,100,467.872,USD,46787.2,BUY
TRD-000273,2022-08-29,WAM-001,AAPL,Technology,-50,175.1192,USD,8755.96,SELL
TRD-000276,2022-08-29,WAM-001,GS,Financials,100,337.7661,USD,33776.61,BUY
TRD-000281,2022-09-05,WAM-001,AAPL,Technology,50,172.0387,USD,8601.93,BUY
TRD-000282,2022-09-05,WAM-001,MSFT,Technology,100,445.3258,USD,44532.58,BUY
TRD-000283,2022-09-05,WAM-001,JPM,Financials,200,132.8758,USD,26575.16,BUY
TRD-000284,2022-09-05,WAM-001,GS,Financials,50,320.7755,USD,16038.78,BUY
TRD-000285,2022-09-05,WAM-001,BLK,Financials,50,747.8296,USD,37391.48,BUY
TRD-000286,2022-09-05,WAM-001,BAC,Financials,-100,46.3968,USD,4639.68,SELL
TRD-000287,2022-09-05,WAM-001,SCHW,Financials,50,82.8312,USD,4141.56,BUY
TRD-000288,2022-09-05,WAM-001,WFC,Financials,200,47.5988,USD,9519.76,BUY
TRD-000295,2022-09-12,WAM-001,SCHW,Financials,200,83.7386,USD,16747.72,BUY
TRD-000294,2022-09-12,WAM-001,BAC,Financials,50,48.6976,USD,2434.88,BUY
TRD-000293,2022-09-12,WAM-001,BLK,Financials,-50,739.5039,USD,36975.19,SELL
TRD-000296,2022-09-12,WAM-001,WFC,Financials,-100,49.9226,USD,4992.26,SELL
TRD-000291,2022-09-12,WAM-001,JPM,Financials,-100,133.8436,USD,13384.36,SELL
TRD-000290,2022-09-12,WAM-001,MSFT,Technology,100,465.3333,USD,46533.33,BUY
TRD-000289,2022-09-12,WAM-001,AAPL,Technology,-50,187.5943,USD,9379.72,SELL
TRD-000292,2022-09-12,WAM-001,GS,Financials,100,314.0962,USD,31409.62,BUY
TRD-000303,2022-09-19,WAM-001,SCHW,Financials,200,81.7234,USD,16344.68,BUY
TRD-000302,2022-09-19,WAM-001,BAC,Financials,200,53.088,USD,10617.6,BUY
TRD-000301,2022-09-19,WAM-001,BLK,Financials,-50,695.1359,USD,34756.79,SELL
TRD-000304,2022-09-19,WAM-001,WFC,Financials,-50,52.4838,USD,2624.19,SELL
TRD-000299,2022-09-19,WAM-001,JPM,Financials,200,136.8089,USD,27361.78,BUY
TRD-000298,2022-09-19,WAM-001,MSFT,Technology,200,482.2068,USD,96441.36,BUY
TRD-000297,2022-09-19,WAM-001,AAPL,Technology,200,184.6888,USD,36937.76,BUY
TRD-000300,2022-09-19,WAM-001,GS,Financials,200,328.523,USD,65704.6,BUY
TRD-000305,2022-09-26,WAM-001,AAPL,Technology,100,181.1756,USD,18117.56,BUY
TRD-000306,2022-09-26,WAM-001,MSFT,Technology,-50,472.3325,USD,23616.62,SELL
TRD-000307,2022-09-26,WAM-001,JPM,Financials,50,140.0399,USD,7001.99,BUY
TRD-000308,2022-09-26,WAM-001,GS,Financials,-50,313.2702,USD,15663.51,SELL
TRD-000309,2022-09-26,WAM-001,BLK,Financials,100,683.2644,USD,68326.44,BUY
TRD-000310,2022-09-26,WAM-001,BAC,Financials,50,54.2137,USD,2710.68,BUY
TRD-000311,2022-09-26,WAM-001,SCHW,Financials,50,83.8665,USD,4193.32,BUY
TRD-000312,2022-09-26,WAM-001,WFC,Financials,-100,49.6919,USD,4969.19,SELL
TRD-000318,2022-10-03,WAM-001,BAC,Financials,100,56.7803,USD,5678.03,BUY
TRD-000320,2022-10-03,WAM-001,WFC,Financials,-100,50.368,USD,5036.8,SELL
TRD-000319,2022-10-03,WAM-001,SCHW,Financials,200,84.4054,USD,16881.08,BUY
TRD-000317,2022-10-03,WAM-001,BLK,Financials,50,670.7631,USD,33538.15,BUY
TRD-000314,2022-10-03,WAM-001,MSFT,Technology,50,480.8817,USD,24044.09,BUY
TRD-000315,2022-10-03,WAM-001,JPM,Financials,50,145.4,USD,7270.0,BUY
TRD-000316,2022-10-03,WAM-001,GS,Financials,100,327.9333,USD,32793.33,BUY
TRD-000313,2022-10-03,WAM-001,AAPL,Technology,200,180.2506,USD,36050.12,BUY
TRD-000321,2022-10-10,WAM-001,AAPL,Technology,-100,176.254,USD,17625.4,SELL
TRD-000322,2022-10-10,WAM-001,MSFT,Technology,200,527.1626,USD,105432.52,BUY
TRD-000323,2022-10-10,WAM-001,JPM,Financials,200,144.381,USD,28876.2,BUY
TRD-000324,2022-10-10,WAM-001,GS,Financials,-50,334.3954,USD,16719.77,SELL
TRD-000325,2022-10-10,WAM-001,BLK,Financials,50,655.4519,USD,32772.6,BUY
TRD-000326,2022-10-10,WAM-001,BAC,Financials,50,56.4637,USD,2823.18,BUY
TRD-000327,2022-10-10,WAM-001,SCHW,Financials,50,78.8333,USD,3941.66,BUY
TRD-000328,2022-10-10,WAM-001,WFC,Financials,100,47.2052,USD,4720.52,BUY
TRD-000336,2022-10-17,WAM-001,WFC,Financials,100,50.1076,USD,5010.76,BUY
TRD-000335,2022-10-17,WAM-001,SCHW,Financials,200,75.0794,USD,15015.88,BUY
TRD-000334,2022-10-17,WAM-001,BAC,Financials,100,59.2134,USD,5921.34,BUY
TRD-000333,2022-10-17,WAM-001,BLK,Financials,-100,606.7989,USD,60679.89,SELL
TRD-000329,2022-10-17,WAM-001,AAPL,Technology,-50,182.0557,USD,9102.78,SELL
TRD-000331,2022-10-17,WAM-001,JPM,Financials,100,144.728,USD,14472.8,BUY
TRD-000330,2022-10-17,WAM-001,MSFT,Technology,50,523.1146,USD,26155.73,BUY
TRD-000332,2022-10-17,WAM-001,GS,Financials,100,324.2802,USD,32428.02,BUY
TRD-000342,2022-10-24,WAM-001,BAC,Financials,-100,51.5482,USD,5154.82,SELL
TRD-000344,2022-10-24,WAM-001,WFC,Financials,50,49.5171,USD,2475.86,BUY
TRD-000343,2022-10-24,WAM-001,SCHW,Financials,-100,76.1864,USD,7618.64,SELL
TRD-000341,2022-10-24,WAM-001,BLK,Financials,100,596.8474,USD,59684.74,BUY
TRD-000337,2022-10-24,WAM-001,AAPL,Technology,200,197.5026,USD,39500.52,BUY
TRD-000339,2022-10-24,WAM-001,JPM,Financials,-100,146.3094,USD,14630.94,SELL
TRD-000338,2022-10-24,WAM-001,MSFT,Technology,200,540.6779,USD,108135.58,BUY
TRD-000340,2022-10-24,WAM-001,GS,Financials,-100,309.2245,USD,30922.45,SELL
TRD-000345,2022-10-31,WAM-001,AAPL,Technology,100,208.8049,USD,20880.49,BUY
TRD-000346,2022-10-31,WAM-001,MSFT,Technology,100,520.7649,USD,52076.49,BUY
TRD-000347,2022-10-31,WAM-001,JPM,Financials,100,149.5877,USD,14958.77,BUY
TRD-000348,2022-10-31,WAM-001,GS,Financials,-100,299.3831,USD,29938.31,SELL
TRD-000349,2022-10-31,WAM-001,BLK,Financials,-100,590.5634,USD,59056.34,SELL
TRD-000350,2022-10-31,WAM-001,BAC,Financials,200,49.3926,USD,9878.52,BUY
TRD-000351,2022-10-31,WAM-001,SCHW,Financials,-50,76.9469,USD,3847.34,SELL
TRD-000352,2022-10-31,WAM-001,WFC,Financials,-50,46.4012,USD,2320.06,SELL
TRD-000358,2022-11-07,WAM-001,BAC,Financials,-50,51.7871,USD,2589.36,SELL
TRD-000360,2022-11-07,WAM-001,WFC,Financials,50,48.9638,USD,2448.19,BUY
TRD-000359,2022-11-07,WAM-001,SCHW,Financials,50,76.6924,USD,3834.62,BUY
TRD-000357,2022-11-07,WAM-001,BLK,Financials,200,583.7085,USD,116741.7,BUY
TRD-000356,2022-11-07,WAM-001,GS,Financials,200,300.5521,USD,60110.42,BUY
TRD-000355,2022-11-07,WAM-001,JPM,Financials,-100,151.1156,USD,15111.56,SELL
TRD-000354,2022-11-07,WAM-001,MSFT,Technology,50,488.6183,USD,24430.91,BUY
TRD-000353,2022-11-07,WAM-001,AAPL,Technology,-50,206.9869,USD,10349.34,SELL
TRD-000361,2022-11-14,WAM-001,AAPL,Technology,-50,204.1133,USD,10205.67,SELL
TRD-000362,2022-11-14,WAM-001,MSFT,Technology,-50,477.1442,USD,23857.21,SELL
TRD-000363,2022-11-14,WAM-001,JPM,Financials,-100,154.1557,USD,15415.57,SELL
TRD-000364,2022-11-14,WAM-001,GS,Financials,50,305.2956,USD,15264.78,BUY
TRD-000365,2022-11-14,WAM-001,BLK,Financials,200,564.2433,USD,112848.66,BUY
TRD-000366,2022-11-14,WAM-001,BAC,Financials,-50,52.8149,USD,2640.74,SELL
TRD-000367,2022-11-14,WAM-001,SCHW,Financials,-100,76.0876,USD,7608.76,SELL
TRD-000368,2022-11-14,WAM-001,WFC,Financials,200,50.5696,USD,10113.92,BUY
TRD-000375,2022-11-21,WAM-001,SCHW,Financials,-50,75.6514,USD,3782.57,SELL
TRD-000374,2022-11-21,WAM-001,BAC,Financials,50,52.9151,USD,2645.76,BUY
TRD-000373,2022-11-21,WAM-001,BLK,Financials,-100,547.2768,USD,54727.68,SELL
TRD-000376,2022-11-21,WAM-001,WFC,Financials,-100,50.9306,USD,5093.06,SELL
TRD-000371,2022-11-21,WAM-001,JPM,Financials,-50,153.1202,USD,7656.01,SELL
TRD-000370,2022-11-21,WAM-001,MSFT,Technology,-50,476.8701,USD,23843.5,SELL
TRD-000369,2022-11-21,WAM-001,AAPL,Technology,50,204.828,USD,10241.4,BUY
TRD-000372,2022-11-21,WAM-001,GS,Financials,-100,310.1564,USD,31015.64,SELL
TRD-000383,2022-11-28,WAM-001,SCHW,Financials,100,74.8379,USD,7483.79,BUY
TRD-000382,2022-11-28,WAM-001,BAC,Financials,100,51.5114,USD,5151.14,BUY
TRD-000381,2022-11-28,WAM-001,BLK,Financials,-50,562.079,USD,28103.95,SELL
TRD-000384,2022-11-28,WAM-001,WFC,Financials,50,50.9835,USD,2549.18,BUY
TRD-000379,2022-11-28,WAM-001,JPM,Financials,-50,145.6349,USD,7281.74,SELL
TRD-000378,2022-11-28,WAM-001,MSFT,Technology,50,470.9946,USD,23549.73,BUY
TRD-000377,2022-11-28,WAM-001,AAPL,Technology,-50,209.1446,USD,10457.23,SELL
TRD-000380,2022-11-28,WAM-001,GS,Financials,200,336.1865,USD,67237.3,BUY
TRD-000385,2022-12-05,WAM-001,AAPL,Technology,50,206.0115,USD,10300.58,BUY
TRD-000386,2022-12-05,WAM-001,MSFT,Technology,50,490.3188,USD,24515.94,BUY
TRD-000387,2022-12-05,WAM-001,JPM,Financials,200,138.7703,USD,27754.06,BUY
TRD-000388,2022-12-05,WAM-001,GS,Financials,200,328.7119,USD,65742.38,BUY
TRD-000389,2022-12-05,WAM-001,BLK,Financials,-50,558.8688,USD,27943.44,SELL
TRD-000390,2022-12-05,WAM-001,BAC,Financials,-100,48.6263,USD,4862.63,SELL
TRD-000391,2022-12-05,WAM-001,SCHW,Financials,100,72.2788,USD,7227.88,BUY
TRD-000392,2022-12-05,WAM-001,WFC,Financials,100,49.1026,USD,4910.26,BUY
TRD-000399,2022-12-12,WAM-001,SCHW,Financials,-50,72.8234,USD,3641.17,SELL
TRD-000400,2022-12-12,WAM-001,WFC,Financials,200,47.8986,USD,9579.72,BUY
TRD-000398,2022-12-12,WAM-001,BAC,Financials,50,48.2432,USD,2412.16,BUY
TRD-000397,2022-12-12,WAM-001,BLK,Financials,-100,575.8103,USD,57581.03,SELL
TRD-000396,2022-12-12,WAM-001,GS,Financials,50,336.1809,USD,16809.05,BUY
TRD-000395,2022-12-12,WAM-001,JPM,Financials,-50,139.1834,USD,6959.17,SELL
TRD-000394,2022-12-12,WAM-001,MSFT,Technology,-50,459.9818,USD,22999.09,SELL
TRD-000393,2022-12-12,WAM-001,AAPL,Technology,100,203.9204,USD,20392.04,BUY
TRD-000401,2022-12-19,WAM-001,AAPL,Technology,50,207.0593,USD,10352.97,BUY
TRD-000402,2022-12-19,WAM-001,MSFT,Technology,-50,466.1658,USD,23308.29,SELL
TRD-000403,2022-12-19,WAM-001,JPM,Financials,-50,138.1547,USD,6907.73,SELL
TRD-000404,2022-12-19,WAM-001,GS,Financials,200,348.4273,USD,69685.46,BUY
TRD-000405,2022-12-19,WAM-001,BLK,Financials,200,583.0427,USD,116608.54,BUY
TRD-000406,2022-12-19,WAM-001,BAC,Financials,200,47.4265,USD,9485.3,BUY
TRD-000407,2022-12-19,WAM-001,SCHW,Financials,-100,74.8311,USD,7483.11,SELL
TRD-000408,2022-12-19,WAM-001,WFC,Financials,-50,48.3389,USD,2416.95,SELL
TRD-000415,2022-12-26,WAM-001,SCHW,Financials,-100,78.4989,USD,7849.89,SELL
TRD-000414,2022-12-26,WAM-001,BAC,Financials,-50,48.8679,USD,2443.39,SELL
TRD-000413,2022-12-26,WAM-001,BLK,Financials,100,593.5391,USD,59353.91,BUY
TRD-000416,2022-12-26,WAM-001,WFC,Financials,-100,47.8622,USD,4786.22,SELL
TRD-000411,2022-12-26,WAM-001,JPM,Financials,100,139.7083,USD,13970.83,BUY
TRD-000410,2022-12-26,WAM-001,MSFT,Technology,-100,444.4813,USD,44448.13,SELL
TRD-000409,2022-12-26,WAM-001,AAPL,Technology,200,212.4256,USD,42485.12,BUY
TRD-000412,2022-12-26,WAM-001,GS,Financials,100,340.1176,USD,34011.76,BUY
TRD-000423,2023-01-02,WAM-001,SCHW,Financials,-100,77.545,USD,7754.5,SELL
TRD-000422,2023-01-02,WAM-001,BAC,Financials,100,47.4911,USD,4749.11,BUY
TRD-000421,2023-01-02,WAM-001,BLK,Financials,100,621.8261,USD,62182.61,BUY
TRD-000424,2023-01-02,WAM-001,WFC,Financials,100,48.8769,USD,4887.69,BUY
TRD-000419,2023-01-02,WAM-001,JPM,Financials,100,145.802,USD,14580.2,BUY
TRD-000418,2023-01-02,WAM-001,MSFT,Technology,50,435.4597,USD,21772.99,BUY
TRD-000417,2023-01-02,WAM-001,AAPL,Technology,100,217.9356,USD,21793.56,BUY
TRD-000420,2023-01-02,WAM-001,GS,Financials,-50,342.1566,USD,17107.83,SELL
TRD-000425,2023-01-09,WAM-001,AAPL,Technology,200,198.3236,USD,39664.72,BUY
TRD-000426,2023-01-09,WAM-001,MSFT,Technology,200,439.0885,USD,87817.7,BUY
TRD-000427,2023-01-09,WAM-001,JPM,Financials,50,143.3857,USD,7169.29,BUY
TRD-000428,2023-01-09,WAM-001,GS,Financials,-50,362.1402,USD,18107.01,SELL
TRD-000429,2023-01-09,WAM-001,BLK,Financials,-50,623.2105,USD,31160.53,SELL
TRD-000430,2023-01-09,WAM-001,BAC,Financials,-100,49.7492,USD,4974.92,SELL
TRD-000431,2023-01-09,WAM-001,SCHW,Financials,-50,75.0958,USD,3754.79,SELL
TRD-000432,2023-01-09,WAM-001,WFC,Financials,50,48.2008,USD,2410.04,BUY
TRD-000438,2023-01-16,WAM-001,BAC,Financials,100,49.188,USD,4918.8,BUY
TRD-000440,2023-01-16,WAM-001,WFC,Financials,50,50.7014,USD,2535.07,BUY
TRD-000439,2023-01-16,WAM-001,SCHW,Financials,-50,75.1656,USD,3758.28,SELL
TRD-000436,2023-01-16,WAM-001,GS,Financials,50,361.143,USD,18057.15,BUY
TRD-000435,2023-01-16,WAM-001,JPM,Financials,200,142.8751,USD,28575.02,BUY
TRD-000434,2023-01-16,WAM-001,MSFT,Technology,-100,454.0102,USD,45401.02,SELL
TRD-000433,2023-01-16,WAM-001,AAPL,Technology,200,194.1822,USD,38836.44,BUY
TRD-000437,2023-01-16,WAM-001,BLK,Financials,-100,600.5557,USD,60055.57,SELL
TRD-000441,2023-01-23,WAM-001,AAPL,Technology,-100,195.4043,USD,19540.43,SELL
TRD-000442,2023-01-23,WAM-001,MSFT,Technology,200,448.2954,USD,89659.08,BUY
TRD-000443,2023-01-23,WAM-001,JPM,Financials,-100,151.9884,USD,15198.84,SELL
TRD-000444,2023-01-23,WAM-001,GS,Financials,100,357.9221,USD,35792.21,BUY
TRD-000445,2023-01-23,WAM-001,BLK,Financials,50,614.5413,USD,30727.06,BUY
TRD-000446,2023-01-23,WAM-001,BAC,Financials,-100,47.6265,USD,4762.65,SELL
TRD-000447,2023-01-23,WAM-001,SCHW,Financials,50,78.4983,USD,3924.91,BUY
TRD-000448,2023-01-23,WAM-001,WFC,Financials,50,53.1313,USD,2656.57,BUY
TRD-000455,2023-01-30,WAM-001,SCHW,Financials,-50,81.2645,USD,4063.22,SELL
TRD-000456,2023-01-30,WAM-001,WFC,Financials,50,53.464,USD,2673.2,BUY
TRD-000454,2023-01-30,WAM-001,BAC,Financials,200,47.0994,USD,9419.88,BUY
TRD-000453,2023-01-30,WAM-001,BLK,Financials,-50,617.2347,USD,30861.74,SELL
TRD-000452,2023-01-30,WAM-001,GS,Financials,-100,352.8774,USD,35287.74,SELL
TRD-000451,2023-01-30,WAM-001,JPM,Financials,100,149.2305,USD,14923.05,BUY
TRD-000450,2023-01-30,WAM-001,MSFT,Technology,-50,429.7826,USD,21489.13,SELL
TRD-000449,2023-01-30,WAM-001,AAPL,Technology,200,195.0731,USD,39014.62,BUY
TRD-000457,2023-02-06,WAM-001,AAPL,Technology,50,207.1854,USD,10359.27,BUY
TRD-000458,2023-02-06,WAM-001,MSFT,Technology,100,428.7289,USD,42872.89,BUY
TRD-000459,2023-02-06,WAM-001,JPM,Financials,-100,153.5655,USD,15356.55,SELL
TRD-000460,2023-02-06,WAM-001,GS,Financials,-100,352.2022,USD,35220.22,SELL
TRD-000461,2023-02-06,WAM-001,BLK,Financials,200,635.9945,USD,127198.9,BUY
TRD-000462,2023-02-06,WAM-001,BAC,Financials,100,51.4447,USD,5144.47,BUY
TRD-000463,2023-02-06,WAM-001,SCHW,Financials,-100,83.1547,USD,8315.47,SELL
TRD-000464,2023-02-06,WAM-001,WFC,Financials,50,50.1999,USD,2509.99,BUY
TRD-000471,2023-02-13,WAM-001,SCHW,Financials,200,83.7804,USD,16756.08,BUY
TRD-000470,2023-02-13,WAM-001,BAC,Financials,200,46.4105,USD,9282.1,BUY
TRD-000469,2023-02-13,WAM-001,BLK,Financials,-100,607.608,USD,60760.8,SELL
TRD-000472,2023-02-13,WAM-001,WFC,Financials,-100,53.8947,USD,5389.47,SELL
TRD-000467,2023-02-13,WAM-001,JPM,Financials,100,153.923,USD,15392.3,BUY
TRD-000466,2023-02-13,WAM-001,MSFT,Technology,-50,439.8075,USD,21990.38,SELL
TRD-000465,2023-02-13,WAM-001,AAPL,Technology,100,201.0691,USD,20106.91,BUY
TRD-000468,2023-02-13,WAM-001,GS,Financials,100,347.4697,USD,34746.97,BUY
TRD-000479,2023-02-20,WAM-001,SCHW,Financials,50,82.2549,USD,4112.74,BUY
TRD-000478,2023-02-20,WAM-001,BAC,Financials,-50,46.6818,USD,2334.09,SELL
TRD-000480,2023-02-20,WAM-001,WFC,Financials,-50,53.5557,USD,2677.78,SELL
TRD-000477,2023-02-20,WAM-001,BLK,Financials,-50,575.8284,USD,28791.42,SELL
TRD-000473,2023-02-20,WAM-001,AAPL,Technology,-100,201.3335,USD,20133.35,SELL
TRD-000475,2023-02-20,WAM-001,JPM,Financials,200,151.2269,USD,30245.38,BUY
TRD-000474,2023-02-20,WAM-001,MSFT,Technology,-100,459.0693,USD,45906.93,SELL
TRD-000476,2023-02-20,WAM-001,GS,Financials,-100,335.4704,USD,33547.04,SELL
TRD-000481,2023-02-27,WAM-001,AAPL,Technology,100,208.9856,USD,20898.56,BUY
TRD-000482,2023-02-27,WAM-001,MSFT,Technology,50,476.2599,USD,23813.0,BUY
TRD-000483,2023-02-27,WAM-001,JPM,Financials,-50,151.5695,USD,7578.48,SELL
TRD-000484,2023-02-27,WAM-001,GS,Financials,100,347.3868,USD,34738.68,BUY
TRD-000485,2023-02-27,WAM-001,BLK,Financials,-50,587.4809,USD,29374.05,SELL
TRD-000486,2023-02-27,WAM-001,BAC,Financials,100,41.9665,USD,4196.65,BUY
TRD-000487,2023-02-27,WAM-001,SCHW,Financials,-100,83.8078,USD,8380.78,SELL
TRD-000488,2023-02-27,WAM-001,WFC,Financials,100,52.5741,USD,5257.41,BUY
TRD-000495,2023-03-06,WAM-001,SCHW,Financials,100,83.1122,USD,8311.22,BUY
TRD-000494,2023-03-06,WAM-001,BAC,Financials,-50,41.3057,USD,2065.28,SELL
TRD-000493,2023-03-06,WAM-001,BLK,Financials,100,570.2508,USD,57025.08,BUY
TRD-000496,2023-03-06,WAM-001,WFC,Financials,200,54.5902,USD,10918.04,BUY
TRD-000491,2023-03-06,WAM-001,JPM,Financials,100,159.6719,USD,15967.19,BUY
TRD-000490,2023-03-06,WAM-001,MSFT,Technology,100,478.4344,USD,47843.44,BUY
TRD-000489,2023-03-06,WAM-001,AAPL,Technology,-100,209.3766,USD,20937.66,SELL
TRD-000492,2023-03-06,WAM-001,GS,Financials,-50,355.3287,USD,17766.44,SELL
TRD-000503,2023-03-13,WAM-001,SCHW,Financials,200,77.7217,USD,15544.34,BUY
TRD-000502,2023-03-13,WAM-001,BAC,Financials,-100,41.3578,USD,4135.78,SELL
TRD-000501,2023-03-13,WAM-001,BLK,Financials,200,607.1688,USD,121433.76,BUY
TRD-000504,2023-03-13,WAM-001,WFC,Financials,200,56.8245,USD,11364.9,BUY
TRD-000499,2023-03-13,WAM-001,JPM,Financials,-50,171.2247,USD,8561.24,SELL
TRD-000498,2023-03-13,WAM-001,MSFT,Technology,-50,456.2048,USD,22810.24,SELL
TRD-000497,2023-03-13,WAM-001,AAPL,Technology,50,214.2584,USD,10712.92,BUY
TRD-000500,2023-03-13,WAM-001,GS,Financials,-100,377.4412,USD,37744.12,SELL
TRD-000505,2023-03-20,WAM-001,AAPL,Technology,100,229.8558,USD,22985.58,BUY
TRD-000506,2023-03-20,WAM-001,MSFT,Technology,-100,478.7085,USD,47870.85,SELL
TRD-000507,2023-03-20,WAM-001,JPM,Financials,50,167.832,USD,8391.6,BUY
TRD-000508,2023-03-20,WAM-001,GS,Financials,200,356.4556,USD,71291.12,BUY
TRD-000509,2023-03-20,WAM-001,BLK,Financials,200,638.9913,USD,127798.26,BUY
TRD-000510,2023-03-20,WAM-001,BAC,Financials,-50,41.9916,USD,2099.58,SELL
TRD-000511,2023-03-20,WAM-001,SCHW,Financials,100,81.8125,USD,8181.25,BUY
TRD-000512,2023-03-20,WAM-001,WFC,Financials,50,56.9179,USD,2845.89,BUY
TRD-000519,2023-03-27,WAM-001,SCHW,Financials,100,81.1344,USD,8113.44,BUY
TRD-000520,2023-03-27,WAM-001,WFC,Financials,-100,52.673,USD,5267.3,SELL
TRD-000518,2023-03-27,WAM-001,BAC,Financials,-100,42.6207,USD,4262.07,SELL
TRD-000517,2023-03-27,WAM-001,BLK,Financials,-50,638.5004,USD,31925.02,SELL
TRD-000515,2023-03-27,WAM-001,JPM,Financials,-100,169.6523,USD,16965.23,SELL
TRD-000514,2023-03-27,WAM-001,MSFT,Technology,-50,471.5674,USD,23578.37,SELL
TRD-000513,2023-03-27,WAM-001,AAPL,Technology,200,232.8965,USD,46579.3,BUY
TRD-000516,2023-03-27,WAM-001,GS,Financials,200,358.2266,USD,71645.32,BUY
TRD-000521,2023-04-03,WAM-001,AAPL,Technology,200,237.5376,USD,47507.52,BUY
TRD-000522,2023-04-03,WAM-001,MSFT,Technology,50,467.7314,USD,23386.57,BUY
TRD-000523,2023-04-03,WAM-001,JPM,Financials,-100,164.8159,USD,16481.59,SELL
TRD-000524,2023-04-03,WAM-001,GS,Financials,50,369.3836,USD,18469.18,BUY
TRD-000525,2023-04-03,WAM-001,BLK,Financials,50,661.731,USD,33086.55,BUY
TRD-000526,2023-04-03,WAM-001,BAC,Financials,-100,41.5282,USD,4152.82,SELL
TRD-000527,2023-04-03,WAM-001,SCHW,Financials,100,81.8685,USD,8186.85,BUY
TRD-000528,2023-04-03,WAM-001,WFC,Financials,-100,52.4677,USD,5246.77,SELL
TRD-000536,2023-04-10,WAM-001,WFC,Financials,-50,57.2812,USD,2864.06,SELL
TRD-000534,2023-04-10,WAM-001,BAC,Financials,-50,40.1504,USD,2007.52,SELL
TRD-000533,2023-04-10,WAM-001,BLK,Financials,200,638.1628,USD,127632.56,BUY
TRD-000535,2023-04-10,WAM-001,SCHW,Financials,-50,85.1607,USD,4258.03,SELL
TRD-000531,2023-04-10,WAM-001,JPM,Financials,200,158.7377,USD,31747.54,BUY
TRD-000530,2023-04-10,WAM-001,MSFT,Technology,50,466.6112,USD,23330.56,BUY
TRD-000529,2023-04-10,WAM-001,AAPL,Technology,-50,246.7031,USD,12335.16,SELL
TRD-000532,2023-04-10,WAM-001,GS,Financials,50,367.8499,USD,18392.49,BUY
TRD-000544,2023-04-17,WAM-001,WFC,Financials,50,58.3396,USD,2916.98,BUY
TRD-000542,2023-04-17,WAM-001,BAC,Financials,200,41.4488,USD,8289.76,BUY
TRD-000541,2023-04-17,WAM-001,BLK,Financials,-50,651.263,USD,32563.15,SELL
TRD-000543,2023-04-17,WAM-001,SCHW,Financials,50,79.497,USD,3974.85,BUY
TRD-000539,2023-04-17,WAM-001,JPM,Financials,200,161.7666,USD,32353.32,BUY
TRD-000538,2023-04-17,WAM-001,MSFT,Technology,50,474.2966,USD,23714.83,BUY
TRD-000537,2023-04-17,WAM-001,AAPL,Technology,-100,245.0665,USD,24506.65,SELL
TRD-000540,2023-04-17,WAM-001,GS,Financials,-50,356.2844,USD,17814.22,SELL
TRD-000552,2023-04-24,WAM-001,WFC,Financials,-100,61.832,USD,6183.2,SELL
TRD-000545,2023-04-24,WAM-001,AAPL,Technology,200,239.5688,USD,47913.76,BUY
TRD-000546,2023-04-24,WAM-001,MSFT,Technology,100,490.3093,USD,49030.93,BUY
TRD-000547,2023-04-24,WAM-001,JPM,Financials,50,166.3698,USD,8318.49,BUY
TRD-000548,2023-04-24,WAM-001,GS,Financials,200,361.3053,USD,72261.06,BUY
TRD-000549,2023-04-24,WAM-001,BLK,Financials,200,631.0381,USD,126207.62,BUY
TRD-000550,2023-04-24,WAM-001,BAC,Financials,-50,40.7201,USD,2036.01,SELL
TRD-000551,2023-04-24,WAM-001,SCHW,Financials,200,78.5269,USD,15705.38,BUY
TRD-000559,2023-05-01,WAM-001,SCHW,Financials,-50,78.5607,USD,3928.03,SELL
TRD-000558,2023-05-01,WAM-001,BAC,Financials,-100,39.7588,USD,3975.88,SELL
TRD-000560,2023-05-01,WAM-001,WFC,Financials,-50,59.5483,USD,2977.41,SELL
TRD-000557,2023-05-01,WAM-001,BLK,Financials,50,630.2901,USD,31514.51,BUY
TRD-000553,2023-05-01,WAM-001,AAPL,Technology,-50,234.7452,USD,11737.26,SELL
TRD-000555,2023-05-01,WAM-001,JPM,Financials,50,164.2257,USD,8211.28,BUY
TRD-000554,2023-05-01,WAM-001,MSFT,Technology,-50,476.3616,USD,23818.08,SELL
TRD-000556,2023-05-01,WAM-001,GS,Financials,100,368.8632,USD,36886.32,BUY
TRD-000561,2023-05-08,WAM-001,AAPL,Technology,200,221.093,USD,44218.6,BUY
TRD-000562,2023-05-08,WAM-001,MSFT,Technology,100,506.756,USD,50675.6,BUY
TRD-000563,2023-05-08,WAM-001,JPM,Financials,100,157.5764,USD,15757.64,BUY
TRD-000564,2023-05-08,WAM-001,GS,Financials,200,405.7212,USD,81144.24,BUY
TRD-000565,2023-05-08,WAM-001,BLK,Financials,-100,614.2761,USD,61427.61,SELL
TRD-000566,2023-05-08,WAM-001,BAC,Financials,100,39.6247,USD,3962.47,BUY
TRD-000567,2023-05-08,WAM-001,SCHW,Financials,-50,75.4548,USD,3772.74,SELL
TRD-000568,2023-05-08,WAM-001,WFC,Financials,-100,59.6243,USD,5962.43,SELL
TRD-000576,2023-05-15,WAM-001,WFC,Financials,100,60.6129,USD,6061.29,BUY
TRD-000575,2023-05-15,WAM-001,SCHW,Financials,200,76.8816,USD,15376.32,BUY
TRD-000574,2023-05-15,WAM-001,BAC,Financials,-50,42.6309,USD,2131.55,SELL
TRD-000573,2023-05-15,WAM-001,BLK,Financials,50,604.1286,USD,30206.43,BUY
TRD-000569,2023-05-15,WAM-001,AAPL,Technology,50,231.5637,USD,11578.19,BUY
TRD-000571,2023-05-15,WAM-001,JPM,Financials,-100,160.2599,USD,16025.99,SELL
TRD-000570,2023-05-15,WAM-001,MSFT,Technology,50,482.2532,USD,24112.66,BUY
TRD-000572,2023-05-15,WAM-001,GS,Financials,-50,395.2708,USD,19763.54,SELL
TRD-000582,2023-05-22,WAM-001,BAC,Financials,-50,42.4813,USD,2124.07,SELL
TRD-000584,2023-05-22,WAM-001,WFC,Financials,-100,58.9161,USD,5891.61,SELL
TRD-000583,2023-05-22,WAM-001,SCHW,Financials,200,76.7747,USD,15354.94,BUY
TRD-000581,2023-05-22,WAM-001,BLK,Financials,-50,615.9299,USD,30796.49,SELL
TRD-000577,2023-05-22,WAM-001,AAPL,Technology,-100,224.8984,USD,22489.84,SELL
TRD-000579,2023-05-22,WAM-001,JPM,Financials,200,150.6836,USD,30136.72,BUY
TRD-000578,2023-05-22,WAM-001,MSFT,Technology,100,461.2497,USD,46124.97,BUY
TRD-000580,2023-05-22,WAM-001,GS,Financials,50,401.2417,USD,20062.08,BUY
TRD-000585,2023-05-29,WAM-001,AAPL,Technology,100,237.9304,USD,23793.04,BUY
TRD-000586,2023-05-29,WAM-001,MSFT,Technology,50,452.2966,USD,22614.83,BUY
TRD-000587,2023-05-29,WAM-001,JPM,Financials,-100,149.5486,USD,14954.86,SELL
TRD-000588,2023-05-29,WAM-001,GS,Financials,200,407.5455,USD,81509.1,BUY
TRD-000589,2023-05-29,WAM-001,BLK,Financials,200,642.48,USD,128496.0,BUY
TRD-000590,2023-05-29,WAM-001,BAC,Financials,-50,45.8192,USD,2290.96,SELL
TRD-000591,2023-05-29,WAM-001,SCHW,Financials,50,74.1023,USD,3705.11,BUY
TRD-000592,2023-05-29,WAM-001,WFC,Financials,-100,54.8762,USD,5487.62,SELL
TRD-000598,2023-06-05,WAM-001,BAC,Financials,-100,43.9093,USD,4390.93,SELL
TRD-000600,2023-06-05,WAM-001,WFC,Financials,100,52.1968,USD,5219.68,BUY
TRD-000599,2023-06-05,WAM-001,SCHW,Financials,50,74.3091,USD,3715.45,BUY
TRD-000597,2023-06-05,WAM-001,BLK,Financials,-50,629.6035,USD,31480.18,SELL
TRD-000593,2023-06-05,WAM-001,AAPL,Technology,-50,235.0875,USD,11754.38,SELL
TRD-000595,2023-06-05,WAM-001,JPM,Financials,100,154.3979,USD,15439.79,BUY
TRD-000594,2023-06-05,WAM-001,MSFT,Technology,50,468.022,USD,23401.1,BUY
TRD-000596,2023-06-05,WAM-001,GS,Financials,100,397.3208,USD,39732.08,BUY
TRD-000601,2023-06-12,WAM-001,AAPL,Technology,100,257.8716,USD,25787.16,BUY
TRD-000602,2023-06-12,WAM-001,MSFT,Technology,-100,483.4676,USD,48346.76,SELL
TRD-000603,2023-06-12,WAM-001,JPM,Financials,-50,157.6777,USD,7883.88,SELL
TRD-000604,2023-06-12,WAM-001,GS,Financials,200,389.6394,USD,77927.88,BUY
TRD-000605,2023-06-12,WAM-001,BLK,Financials,50,612.3548,USD,30617.74,BUY
TRD-000606,2023-06-12,WAM-001,BAC,Financials,100,44.988,USD,4498.8,BUY
TRD-000607,2023-06-12,WAM-001,SCHW,Financials,200,73.1565,USD,14631.3,BUY
TRD-000608,2023-06-12,WAM-001,WFC,Financials,-100,48.7409,USD,4874.09,SELL
TRD-000616,2023-06-19,WAM-001,WFC,Financials,200,49.4597,USD,9891.94,BUY
TRD-000615,2023-06-19,WAM-001,SCHW,Financials,100,74.7042,USD,7470.42,BUY
TRD-000614,2023-06-19,WAM-001,BAC,Financials,100,45.2515,USD,4525.15,BUY
TRD-000613,2023-06-19,WAM-001,BLK,Financials,-100,614.8492,USD,61484.92,SELL
TRD-000611,2023-06-19,WAM-001,JPM,Financials,-100,152.7381,USD,15273.81,SELL
TRD-000610,2023-06-19,WAM-001,MSFT,Technology,50,496.2629,USD,24813.15,BUY
TRD-000609,2023-06-19,WAM-001,AAPL,Technology,-50,266.3226,USD,13316.13,SELL
TRD-000612,2023-06-19,WAM-001,GS,Financials,-50,402.9655,USD,20148.28,SELL
TRD-000617,2023-06-26,WAM-001,AAPL,Technology,-100,245.1801,USD,24518.01,SELL
TRD-000618,2023-06-26,WAM-001,MSFT,Technology,100,500.1975,USD,50019.75,BUY
TRD-000619,2023-06-26,WAM-001,JPM,Financials,-50,156.0718,USD,7803.59,SELL
TRD-000620,2023-06-26,WAM-001,GS,Financials,200,391.0339,USD,78206.78,BUY
TRD-000621,2023-06-26,WAM-001,BLK,Financials,50,598.6717,USD,29933.58,BUY
TRD-000622,2023-06-26,WAM-001,BAC,Financials,-100,49.7784,USD,4977.84,SELL
TRD-000623,2023-06-26,WAM-001,SCHW,Financials,100,71.3161,USD,7131.61,BUY
TRD-000624,2023-06-26,WAM-001,WFC,Financials,-50,52.7035,USD,2635.17,SELL
TRD-000630,2023-07-03,WAM-001,BAC,Financials,200,46.5254,USD,9305.08,BUY
TRD-000632,2023-07-03,WAM-001,WFC,Financials,-100,52.6789,USD,5267.89,SELL
TRD-000631,2023-07-03,WAM-001,SCHW,Financials,-50,72.7818,USD,3639.09,SELL
TRD-000629,2023-07-03,WAM-001,BLK,Financials,100,590.3502,USD,59035.02,BUY
TRD-000628,2023-07-03,WAM-001,GS,Financials,100,401.7104,USD,40171.04,BUY
TRD-000627,2023-07-03,WAM-001,JPM,Financials,200,156.302,USD,31260.4,BUY
TRD-000626,2023-07-03,WAM-001,MSFT,Technology,-50,499.243,USD,24962.15,SELL
TRD-000625,2023-07-03,WAM-001,AAPL,Technology,-100,258.0487,USD,25804.87,SELL
TRD-000633,2023-07-10,WAM-001,AAPL,Technology,-50,264.6988,USD,13234.94,SELL
TRD-000634,2023-07-10,WAM-001,MSFT,Technology,-100,510.4268,USD,51042.68,SELL
TRD-000635,2023-07-10,WAM-001,JPM,Financials,200,154.799,USD,30959.8,BUY
TRD-000636,2023-07-10,WAM-001,GS,Financials,50,399.9095,USD,19995.47,BUY
TRD-000637,2023-07-10,WAM-001,BLK,Financials,-100,589.8131,USD,58981.31,SELL
TRD-000638,2023-07-10,WAM-001,BAC,Financials,100,45.0264,USD,4502.64,BUY
TRD-000639,2023-07-10,WAM-001,SCHW,Financials,100,65.602,USD,6560.2,BUY
TRD-000640,2023-07-10,WAM-001,WFC,Financials,100,52.351,USD,5235.1,BUY
TRD-000648,2023-07-17,WAM-001,WFC,Financials,-50,55.3384,USD,2766.92,SELL
TRD-000647,2023-07-17,WAM-001,SCHW,Financials,-100,67.4877,USD,6748.77,SELL
TRD-000646,2023-07-17,WAM-001,BAC,Financials,100,44.3517,USD,4435.17,BUY
TRD-000645,2023-07-17,WAM-001,BLK,Financials,-100,592.9846,USD,59298.46,SELL
TRD-000644,2023-07-17,WAM-001,GS,Financials,100,424.3309,USD,42433.09,BUY
TRD-000643,2023-07-17,WAM-001,JPM,Financials,-50,147.5168,USD,7375.84,SELL
TRD-000642,2023-07-17,WAM-001,MSFT,Technology,-50,529.6454,USD,26482.27,SELL
TRD-000641,2023-07-17,WAM-001,AAPL,Technology,-50,266.8233,USD,13341.17,SELL
TRD-000649,2023-07-24,WAM-001,AAPL,Technology,50,255.6139,USD,12780.69,BUY
TRD-000650,2023-07-24,WAM-001,MSFT,Technology,-50,539.8694,USD,26993.47,SELL
TRD-000651,2023-07-24,WAM-001,JPM,Financials,200,148.734,USD,29746.8,BUY
TRD-000652,2023-07-24,WAM-001,GS,Financials,-100,406.3695,USD,40636.95,SELL
TRD-000653,2023-07-24,WAM-001,BLK,Financials,50,590.2225,USD,29511.12,BUY
TRD-000654,2023-07-24,WAM-001,BAC,Financials,-50,43.094,USD,2154.7,SELL
TRD-000655,2023-07-24,WAM-001,SCHW,Financials,50,68.339,USD,3416.95,BUY
TRD-000656,2023-07-24,WAM-001,WFC,Financials,100,54.224,USD,5422.4,BUY
TRD-000663,2023-07-31,WAM-001,SCHW,Financials,200,69.3654,USD,13873.08,BUY
TRD-000662,2023-07-31,WAM-001,BAC,Financials,-100,43.9706,USD,4397.06,SELL
TRD-000661,2023-07-31,WAM-001,BLK,Financials,-50,607.6978,USD,30384.89,SELL
TRD-000664,2023-07-31,WAM-001,WFC,Financials,-50,55.5131,USD,2775.66,SELL
TRD-000659,2023-07-31,WAM-001,JPM,Financials,100,157.8975,USD,15789.75,BUY
TRD-000658,2023-07-31,WAM-001,MSFT,Technology,200,535.2339,USD,107046.78,BUY
TRD-000657,2023-07-31,WAM-001,AAPL,Technology,-100,256.5442,USD,25654.42,SELL
TRD-000660,2023-07-31,WAM-001,GS,Financials,50,397.8989,USD,19894.94,BUY
TRD-000665,2023-08-07,WAM-001,AAPL,Technology,200,255.7366,USD,51147.32,BUY
TRD-000666,2023-08-07,WAM-001,MSFT,Technology,-100,553.8248,USD,55382.48,SELL
TRD-000667,2023-08-07,WAM-001,JPM,Financials,50,158.1089,USD,7905.45,BUY
TRD-000668,2023-08-07,WAM-001,GS,Financials,200,410.0654,USD,82013.08,BUY
TRD-000669,2023-08-07,WAM-001,BLK,Financials,-100,568.0731,USD,56807.31,SELL
TRD-000670,2023-08-07,WAM-001,BAC,Financials,200,45.2425,USD,9048.5,BUY
TRD-000671,2023-08-07,WAM-001,SCHW,Financials,-50,68.4279,USD,3421.39,SELL
TRD-000672,2023-08-07,WAM-001,WFC,Financials,200,60.9328,USD,12186.56,BUY
TRD-000679,2023-08-14,WAM-001,SCHW,Financials,-50,68.4854,USD,3424.27,SELL
TRD-000678,2023-08-14,WAM-001,BAC,Financials,50,42.9104,USD,2145.52,BUY
TRD-000677,2023-08-14,WAM-001,BLK,Financials,200,572.4991,USD,114499.82,BUY
TRD-000680,2023-08-14,WAM-001,WFC,Financials,100,62.6435,USD,6264.35,BUY
TRD-000675,2023-08-14,WAM-001,JPM,Financials,-100,164.938,USD,16493.8,SELL
TRD-000674,2023-08-14,WAM-001,MSFT,Technology,-50,526.2499,USD,26312.5,SELL
TRD-000673,2023-08-14,WAM-001,AAPL,Technology,-50,266.4353,USD,13321.76,SELL
TRD-000676,2023-08-14,WAM-001,GS,Financials,100,401.547,USD,40154.7,BUY
TRD-000687,2023-08-21,WAM-001,SCHW,Financials,-100,71.4261,USD,7142.61,SELL
TRD-000686,2023-08-21,WAM-001,BAC,Financials,50,43.8774,USD,2193.87,BUY
TRD-000685,2023-08-21,WAM-001,BLK,Financials,100,592.1026,USD,59210.26,BUY
TRD-000688,2023-08-21,WAM-001,WFC,Financials,-50,61.7645,USD,3088.22,SELL
TRD-000683,2023-08-21,WAM-001,JPM,Financials,100,166.2766,USD,16627.66,BUY
TRD-000682,2023-08-21,WAM-001,MSFT,Technology,100,560.0017,USD,56000.17,BUY
TRD-000681,2023-08-21,WAM-001,AAPL,Technology,-50,292.763,USD,14638.15,SELL
TRD-000684,2023-08-21,WAM-001,GS,Financials,50,406.2051,USD,20310.26,BUY
TRD-000689,2023-08-28,WAM-001,AAPL,Technology,50,295.6056,USD,14780.28,BUY
TRD-000690,2023-08-28,WAM-001,MSFT,Technology,-50,585.8935,USD,29294.67,SELL
TRD-000691,2023-08-28,WAM-001,JPM,Financials,200,165.1892,USD,33037.84,BUY
TRD-000692,2023-08-28,WAM-001,GS,Financials,-100,405.9218,USD,40592.18,SELL
TRD-000693,2023-08-28,WAM-001,BLK,Financials,200,574.6899,USD,114937.98,BUY
TRD-000694,2023-08-28,WAM-001,BAC,Financials,200,44.3714,USD,8874.28,BUY
TRD-000695,2023-08-28,WAM-001,SCHW,Financials,100,71.0104,USD,7101.04,BUY
TRD-000696,2023-08-28,WAM-001,WFC,Financials,100,62.3055,USD,6230.55,BUY
TRD-000702,2023-09-04,WAM-001,BAC,Financials,100,46.0612,USD,4606.12,BUY
TRD-000703,2023-09-04,WAM-001,SCHW,Financials,100,67.3294,USD,6732.94,BUY
TRD-000701,2023-09-04,WAM-001,BLK,Financials,200,577.985,USD,115597.0,BUY
TRD-000704,2023-09-04,WAM-001,WFC,Financials,50,57.8448,USD,2892.24,BUY
TRD-000699,2023-09-04,WAM-001,JPM,Financials,-50,164.487,USD,8224.35,SELL
TRD-000697,2023-09-04,WAM-001,AAPL,Technology,200,289.8559,USD,57971.18,BUY
TRD-000700,2023-09-04,WAM-001,GS,Financials,100,398.2626,USD,39826.26,BUY
TRD-000698,2023-09-04,WAM-001,MSFT,Technology,100,599.9456,USD,59994.56,BUY
TRD-000705,2023-09-11,WAM-001,AAPL,Technology,50,283.3955,USD,14169.78,BUY
TRD-000706,2023-09-11,WAM-001,MSFT,Technology,200,577.8176,USD,115563.52,BUY
TRD-000707,2023-09-11,WAM-001,JPM,Financials,-50,163.0491,USD,8152.46,SELL
TRD-000708,2023-09-11,WAM-001,GS,Financials,-100,397.8673,USD,39786.73,SELL
TRD-000709,2023-09-11,WAM-001,BLK,Financials,-100,549.2571,USD,54925.71,SELL
TRD-000710,2023-09-11,WAM-001,BAC,Financials,200,43.1082,USD,8621.64,BUY
TRD-000711,2023-09-11,WAM-001,SCHW,Financials,-50,68.8774,USD,3443.87,SELL
TRD-000712,2023-09-11,WAM-001,WFC,Financials,-50,59.924,USD,2996.2,SELL
TRD-000720,2023-09-18,WAM-001,WFC,Financials,50,56.8888,USD,2844.44,BUY
TRD-000719,2023-09-18,WAM-001,SCHW,Financials,-100,68.7956,USD,6879.56,SELL
TRD-000718,2023-09-18,WAM-001,BAC,Financials,200,45.0322,USD,9006.44,BUY
TRD-000717,2023-09-18,WAM-001,BLK,Financials,-50,555.2892,USD,27764.46,SELL
TRD-000714,2023-09-18,WAM-001,MSFT,Technology,50,553.9225,USD,27696.12,BUY
TRD-000715,2023-09-18,WAM-001,JPM,Financials,200,168.1966,USD,33639.32,BUY
TRD-000713,2023-09-18,WAM-001,AAPL,Technology,-50,269.0205,USD,13451.03,SELL
TRD-000716,2023-09-18,WAM-001,GS,Financials,-100,411.8901,USD,41189.01,SELL
TRD-000726,2023-09-25,WAM-001,BAC,Financials,-50,44.1594,USD,2207.97,SELL
TRD-000728,2023-09-25,WAM-001,WFC,Financials,-100,57.47,USD,5747.0,SELL
TRD-000727,2023-09-25,WAM-001,SCHW,Financials,100,63.8017,USD,6380.17,BUY
TRD-000725,2023-09-25,WAM-001,BLK,Financials,100,557.7479,USD,55774.79,BUY
TRD-000722,2023-09-25,WAM-001,MSFT,Technology,-100,542.1017,USD,54210.17,SELL
TRD-000723,2023-09-25,WAM-001,JPM,Financials,-100,170.431,USD,17043.1,SELL
TRD-000721,2023-09-25,WAM-001,AAPL,Technology,100,262.8372,USD,26283.72,BUY
TRD-000724,2023-09-25,WAM-001,GS,Financials,-100,406.0245,USD,40602.45,SELL
TRD-000729,2023-10-02,WAM-001,AAPL,Technology,50,263.0177,USD,13150.89,BUY
TRD-000730,2023-10-02,WAM-001,MSFT,Technology,-100,521.6581,USD,52165.81,SELL
TRD-000731,2023-10-02,WAM-001,JPM,Financials,50,167.8094,USD,8390.47,BUY
TRD-000732,2023-10-02,WAM-001,GS,Financials,200,406.0054,USD,81201.08,BUY
TRD-000733,2023-10-02,WAM-001,BLK,Financials,50,516.0858,USD,25804.29,BUY
TRD-000734,2023-10-02,WAM-001,BAC,Financials,-100,43.9264,USD,4392.64,SELL
TRD-000735,2023-10-02,WAM-001,SCHW,Financials,100,61.2581,USD,6125.81,BUY
TRD-000736,2023-10-02,WAM-001,WFC,Financials,-100,54.7964,USD,5479.64,SELL
TRD-000741,2023-10-09,WAM-001,BLK,Financials,200,545.2376,USD,109047.52,BUY
TRD-000743,2023-10-09,WAM-001,SCHW,Financials,200,66.7944,USD,13358.88,BUY
TRD-000742,2023-10-09,WAM-001,BAC,Financials,100,42.2874,USD,4228.74,BUY
TRD-000744,2023-10-09,WAM-001,WFC,Financials,200,53.8843,USD,10776.86,BUY
TRD-000740,2023-10-09,WAM-001,GS,Financials,-100,415.3781,USD,41537.81,SELL
TRD-000738,2023-10-09,WAM-001,MSFT,Technology,200,533.0562,USD,106611.24,BUY
TRD-000737,2023-10-09,WAM-001,AAPL,Technology,-100,247.1482,USD,24714.82,SELL
TRD-000739,2023-10-09,WAM-001,JPM,Financials,-50,169.9511,USD,8497.56,SELL
TRD-000745,2023-10-16,WAM-001,AAPL,Technology,50,254.0445,USD,12702.23,BUY
TRD-000746,2023-10-16,WAM-001,MSFT,Technology,-50,525.433,USD,26271.65,SELL
TRD-000747,2023-10-16,WAM-001,JPM,Financials,-50,170.911,USD,8545.55,SELL
TRD-000748,2023-10-16,WAM-001,GS,Financials,100,426.8712,USD,42687.12,BUY
TRD-000749,2023-10-16,WAM-001,BLK,Financials,200,556.0236,USD,111204.72,BUY
TRD-000750,2023-10-16,WAM-001,BAC,Financials,100,44.9941,USD,4499.41,BUY
TRD-000751,2023-10-16,WAM-001,SCHW,Financials,100,63.9993,USD,6399.93,BUY
TRD-000752,2023-10-16,WAM-001,WFC,Financials,-50,52.6487,USD,2632.43,SELL
TRD-000759,2023-10-23,WAM-001,SCHW,Financials,100,62.5209,USD,6252.09,BUY
TRD-000758,2023-10-23,WAM-001,BAC,Financials,200,43.5757,USD,8715.14,BUY
TRD-000757,2023-10-23,WAM-001,BLK,Financials,100,591.4666,USD,59146.66,BUY
TRD-000760,2023-10-23,WAM-001,WFC,Financials,100,53.8624,USD,5386.24,BUY
TRD-000755,2023-10-23,WAM-001,JPM,Financials,-100,180.5091,USD,18050.91,SELL
TRD-000754,2023-10-23,WAM-001,MSFT,Technology,-50,527.6193,USD,26380.96,SELL
TRD-000753,2023-10-23,WAM-001,AAPL,Technology,-50,254.9547,USD,12747.74,SELL
TRD-000756,2023-10-23,WAM-001,GS,Financials,200,440.3644,USD,88072.88,BUY
TRD-000767,2023-10-30,WAM-001,SCHW,Financials,100,62.2834,USD,6228.34,BUY
TRD-000766,2023-10-30,WAM-001,BAC,Financials,-50,41.9471,USD,2097.36,SELL
TRD-000765,2023-10-30,WAM-001,BLK,Financials,-100,573.0605,USD,57306.05,SELL
TRD-000768,2023-10-30,WAM-001,WFC,Financials,200,52.1988,USD,10439.76,BUY
TRD-000763,2023-10-30,WAM-001,JPM,Financials,50,179.0814,USD,8954.07,BUY
TRD-000762,2023-10-30,WAM-001,MSFT,Technology,100,567.3651,USD,56736.51,BUY
TRD-000761,2023-10-30,WAM-001,AAPL,Technology,100,250.8423,USD,25084.23,BUY
TRD-000764,2023-10-30,WAM-001,GS,Financials,50,421.216,USD,21060.8,BUY
TRD-000769,2023-11-06,WAM-001,AAPL,Technology,50,273.9481,USD,13697.41,BUY
TRD-000770,2023-11-06,WAM-001,MSFT,Technology,-50,538.4197,USD,26920.99,SELL
TRD-000771,2023-11-06,WAM-001,JPM,Financials,-100,182.6687,USD,18266.87,SELL
TRD-000772,2023-11-06,WAM-001,GS,Financials,-50,423.8678,USD,21193.39,SELL
TRD-000773,2023-11-06,WAM-001,BLK,Financials,100,584.8055,USD,58480.55,BUY
TRD-000774,2023-11-06,WAM-001,BAC,Financials,-50,46.1395,USD,2306.97,SELL
TRD-000775,2023-11-06,WAM-001,SCHW,Financials,100,60.37,USD,6037.0,BUY
TRD-000776,2023-11-06,WAM-001,WFC,Financials,50,52.4093,USD,2620.47,BUY
TRD-000782,2023-11-13,WAM-001,BAC,Financials,100,49.3513,USD,4935.13,BUY
TRD-000783,2023-11-13,WAM-001,SCHW,Financials,100,64.8913,USD,6489.13,BUY
TRD-000781,2023-11-13,WAM-001,BLK,Financials,200,597.569,USD,119513.8,BUY
TRD-000784,2023-11-13,WAM-001,WFC,Financials,50,51.205,USD,2560.25,BUY
TRD-000779,2023-11-13,WAM-001,JPM,Financials,200,179.3571,USD,35871.42,BUY
TRD-000777,2023-11-13,WAM-001,AAPL,Technology,50,259.4424,USD,12972.12,BUY
TRD-000780,2023-11-13,WAM-001,GS,Financials,50,402.4211,USD,20121.06,BUY
TRD-000778,2023-11-13,WAM-001,MSFT,Technology,100,544.3378,USD,54433.78,BUY
TRD-000785,2023-11-20,WAM-001,AAPL,Technology,200,257.513,USD,51502.6,BUY
TRD-000786,2023-11-20,WAM-001,MSFT,Technology,100,538.5975,USD,53859.75,BUY
TRD-000787,2023-11-20,WAM-001,JPM,Financials,50,184.0511,USD,9202.56,BUY
TRD-000788,2023-11-20,WAM-001,GS,Financials,100,397.2155,USD,39721.55,BUY
TRD-000789,2023-11-20,WAM-001,BLK,Financials,-50,599.5005,USD,29975.02,SELL
TRD-000790,2023-11-20,WAM-001,BAC,Financials,-50,50.3495,USD,2517.47,SELL
TRD-000791,2023-11-20,WAM-001,SCHW,Financials,50,64.3179,USD,3215.89,BUY
TRD-000792,2023-11-20,WAM-001,WFC,Financials,100,48.2493,USD,4824.93,BUY
TRD-000800,2023-11-27,WAM-001,WFC,Financials,50,44.6681,USD,2233.41,BUY
TRD-000799,2023-11-27,WAM-001,SCHW,Financials,100,62.8115,USD,6281.15,BUY
TRD-000798,2023-11-27,WAM-001,BAC,Financials,-50,50.6901,USD,2534.51,SELL
TRD-000797,2023-11-27,WAM-001,BLK,Financials,-50,550.7692,USD,27538.46,SELL
TRD-000794,2023-11-27,WAM-001,MSFT,Technology,-100,522.5644,USD,52256.44,SELL
TRD-000795,2023-11-27,WAM-001,JPM,Financials,50,182.9198,USD,9145.99,BUY
TRD-000793,2023-11-27,WAM-001,AAPL,Technology,50,268.5039,USD,13425.19,BUY
TRD-000796,2023-11-27,WAM-001,GS,Financials,50,397.3483,USD,19867.42,BUY
TRD-000806,2023-12-04,WAM-001,BAC,Financials,-50,52.3942,USD,2619.71,SELL
TRD-000808,2023-12-04,WAM-001,WFC,Financials,-50,45.7994,USD,2289.97,SELL
TRD-000807,2023-12-04,WAM-001,SCHW,Financials,50,65.2635,USD,3263.17,BUY
TRD-000805,2023-12-04,WAM-001,BLK,Financials,-50,551.148,USD,27557.4,SELL
TRD-000802,2023-12-04,WAM-001,MSFT,Technology,100,538.0737,USD,53807.37,BUY
TRD-000803,2023-12-04,WAM-001,JPM,Financials,200,181.6027,USD,36320.54,BUY
TRD-000801,2023-12-04,WAM-001,AAPL,Technology,50,255.6162,USD,12780.81,BUY
TRD-000804,2023-12-04,WAM-001,GS,Financials,100,385.9769,USD,38597.69,BUY
TRD-000816,2023-12-11,WAM-001,WFC,Financials,-100,44.6481,USD,4464.81,SELL
TRD-000809,2023-12-11,WAM-001,AAPL,Technology,100,262.5053,USD,26250.53,BUY
TRD-000810,2023-12-11,WAM-001,MSFT,Technology,50,514.2232,USD,25711.16,BUY
TRD-000811,2023-12-11,WAM-001,JPM,Financials,100,177.7658,USD,17776.58,BUY
TRD-000812,2023-12-11,WAM-001,GS,Financials,100,392.3688,USD,39236.88,BUY
TRD-000813,2023-12-11,WAM-001,BLK,Financials,50,521.6834,USD,26084.17,BUY
TRD-000814,2023-12-11,WAM-001,BAC,Financials,200,52.5203,USD,10504.06,BUY
TRD-000815,2023-12-11,WAM-001,SCHW,Financials,-50,64.4197,USD,3220.99,SELL
TRD-000823,2023-12-18,WAM-001,SCHW,Financials,200,63.8192,USD,12763.84,BUY
TRD-000822,2023-12-18,WAM-001,BAC,Financials,50,52.7104,USD,2635.52,BUY
TRD-000824,2023-12-18,WAM-001,WFC,Financials,-100,44.0752,USD,4407.52,SELL
TRD-000821,2023-12-18,WAM-001,BLK,Financials,100,548.2292,USD,54822.92,BUY
TRD-000820,2023-12-18,WAM-001,GS,Financials,200,378.605,USD,75721.0,BUY
TRD-000819,2023-12-18,WAM-001,JPM,Financials,-50,179.4261,USD,8971.31,SELL
TRD-000818,2023-12-18,WAM-001,MSFT,Technology,-100,556.8712,USD,55687.12,SELL
TRD-000817,2023-12-18,WAM-001,AAPL,Technology,-100,250.8823,USD,25088.23,SELL
TRD-000825,2023-12-25,WAM-001,AAPL,Technology,-50,245.0019,USD,12250.1,SELL
TRD-000826,2023-12-25,WAM-001,MSFT,Technology,-50,568.9374,USD,28446.87,SELL
TRD-000827,2023-12-25,WAM-001,JPM,Financials,50,179.3679,USD,8968.4,BUY
TRD-000828,2023-12-25,WAM-001,GS,Financials,100,384.7919,USD,38479.19,BUY
TRD-000829,2023-12-25,WAM-001,BLK,Financials,200,568.2593,USD,113651.86,BUY
TRD-000830,2023-12-25,WAM-001,BAC,Financials,200,53.7498,USD,10749.96,BUY
TRD-000831,2023-12-25,WAM-001,SCHW,Financials,200,64.8795,USD,12975.9,BUY
TRD-000832,2023-12-25,WAM-001,WFC,Financials,100,43.6571,USD,4365.71,BUY
TRD-000840,2024-01-01,WAM-001,WFC,Financials,100,45.3177,USD,4531.77,BUY
TRD-000839,2024-01-01,WAM-001,SCHW,Financials,-50,62.9047,USD,3145.24,SELL
TRD-000838,2024-01-01,WAM-001,BAC,Financials,100,56.2358,USD,5623.58,BUY
TRD-000837,2024-01-01,WAM-001,BLK,Financials,-100,579.8356,USD,57983.56,SELL
TRD-000833,2024-01-01,WAM-001,AAPL,Technology,100,250.631,USD,25063.1,BUY
TRD-000835,2024-01-01,WAM-001,JPM,Financials,50,172.0061,USD,8600.31,BUY
TRD-000834,2024-01-01,WAM-001,MSFT,Technology,100,557.808,USD,55780.8,BUY
TRD-000836,2024-01-01,WAM-001,GS,Financials,-50,402.0632,USD,20103.16,SELL
TRD-000846,2024-01-08,WAM-001,BAC,Financials,-50,54.5706,USD,2728.53,SELL
TRD-000848,2024-01-08,WAM-001,WFC,Financials,200,46.4942,USD,9298.84,BUY
TRD-000847,2024-01-08,WAM-001,SCHW,Financials,200,65.944,USD,13188.8,BUY
TRD-000845,2024-01-08,WAM-001,BLK,Financials,-100,557.5795,USD,55757.95,SELL
TRD-000841,2024-01-08,WAM-001,AAPL,Technology,-100,242.7004,USD,24270.04,SELL
TRD-000843,2024-01-08,WAM-001,JPM,Financials,-50,175.2295,USD,8761.48,SELL
TRD-000842,2024-01-08,WAM-001,MSFT,Technology,100,518.1932,USD,51819.32,BUY
TRD-000844,2024-01-08,WAM-001,GS,Financials,50,398.3253,USD,19916.27,BUY
TRD-000849,2024-01-15,WAM-001,AAPL,Technology,200,226.6842,USD,45336.84,BUY
TRD-000850,2024-01-15,WAM-001,MSFT,Technology,50,539.6236,USD,26981.18,BUY
TRD-000851,2024-01-15,WAM-001,JPM,Financials,100,177.1633,USD,17716.33,BUY
TRD-000852,2024-01-15,WAM-001,GS,Financials,100,399.5432,USD,39954.32,BUY
TRD-000853,2024-01-15,WAM-001,BLK,Financials,100,576.3207,USD,57632.07,BUY
TRD-000854,2024-01-15,WAM-001,BAC,Financials,50,54.0434,USD,2702.17,BUY
TRD-000855,2024-01-15,WAM-001,SCHW,Financials,200,68.9929,USD,13798.58,BUY
TRD-000856,2024-01-15,WAM-001,WFC,Financials,100,47.2795,USD,4727.95,BUY
TRD-000861,2024-01-22,WAM-001,BLK,Financials,200,585.7405,USD,117148.1,BUY
TRD-000863,2024-01-22,WAM-001,SCHW,Financials,50,72.5697,USD,3628.48,BUY
TRD-000862,2024-01-22,WAM-001,BAC,Financials,-100,55.9388,USD,5593.88,SELL
TRD-000864,2024-01-22,WAM-001,WFC,Financials,-50,46.9544,USD,2347.72,SELL
TRD-000860,2024-01-22,WAM-001,GS,Financials,100,396.6112,USD,39661.12,BUY
TRD-000858,2024-01-22,WAM-001,MSFT,Technology,50,536.5277,USD,26826.38,BUY
TRD-000859,2024-01-22,WAM-001,JPM,Financials,-50,177.2669,USD,8863.34,SELL
TRD-000857,2024-01-22,WAM-001,AAPL,Technology,50,215.7857,USD,10789.28,BUY
TRD-000872,2024-01-29,WAM-001,WFC,Financials,200,46.0837,USD,9216.74,BUY
TRD-000865,2024-01-29,WAM-001,AAPL,Technology,-100,213.4772,USD,21347.72,SELL
TRD-000866,2024-01-29,WAM-001,MSFT,Technology,50,520.0408,USD,26002.04,BUY
TRD-000867,2024-01-29,WAM-001,JPM,Financials,-50,177.2695,USD,8863.48,SELL
TRD-000868,2024-01-29,WAM-001,GS,Financials,100,411.9928,USD,41199.28,BUY
TRD-000869,2024-01-29,WAM-001,BLK,Financials,-50,569.0187,USD,28450.93,SELL
TRD-000870,2024-01-29,WAM-001,BAC,Financials,50,57.1656,USD,2858.28,BUY
TRD-000871,2024-01-29,WAM-001,SCHW,Financials,100,75.7798,USD,7577.98,BUY
TRD-000878,2024-02-05,WAM-001,BAC,Financials,-50,56.1841,USD,2809.2,SELL
TRD-000877,2024-02-05,WAM-001,BLK,Financials,200,595.2276,USD,119045.52,BUY
TRD-000876,2024-02-05,WAM-001,GS,Financials,100,424.8069,USD,42480.69,BUY
TRD-000874,2024-02-05,WAM-001,MSFT,Technology,-100,533.3423,USD,53334.23,SELL
TRD-000873,2024-02-05,WAM-001,AAPL,Technology,-50,211.0962,USD,10554.81,SELL
TRD-000879,2024-02-05,WAM-001,SCHW,Financials,-100,72.5193,USD,7251.93,SELL
TRD-000875,2024-02-05,WAM-001,JPM,Financials,100,183.9169,USD,18391.69,BUY
TRD-000880,2024-02-05,WAM-001,WFC,Financials,200,45.2857,USD,9057.14,BUY
TRD-000882,2024-02-12,WAM-001,MSFT,Technology,-100,531.8955,USD,53189.55,SELL
TRD-000887,2024-02-12,WAM-001,SCHW,Financials,200,71.9434,USD,14388.68,BUY
TRD-000888,2024-02-12,WAM-001,WFC,Financials,200,42.6582,USD,8531.64,BUY
TRD-000886,2024-02-12,WAM-001,BAC,Financials,-50,56.2541,USD,2812.7,SELL
TRD-000881,2024-02-12,WAM-001,AAPL,Technology,-50,209.2525,USD,10462.62,SELL
TRD-000884,2024-02-12,WAM-001,GS,Financials,50,440.69,USD,22034.5,BUY
TRD-000883,2024-02-12,WAM-001,JPM,Financials,-100,185.6227,USD,18562.27,SELL
TRD-000885,2024-02-12,WAM-001,BLK,Financials,-100,601.7497,USD,60174.97,SELL
TRD-000889,2024-02-19,WAM-001,AAPL,Technology,50,216.1898,USD,10809.49,BUY
TRD-000890,2024-02-19,WAM-001,MSFT,Technology,-50,516.6807,USD,25834.03,SELL
TRD-000891,2024-02-19,WAM-001,JPM,Financials,-100,185.674,USD,18567.4,SELL
TRD-000892,2024-02-19,WAM-001,GS,Financials,50,449.8851,USD,22494.26,BUY
TRD-000893,2024-02-19,WAM-001,BLK,Financials,100,580.4157,USD,58041.57,BUY
TRD-000894,2024-02-19,WAM-001,BAC,Financials,-50,59.1752,USD,2958.76,SELL
TRD-000895,2024-02-19,WAM-001,SCHW,Financials,50,72.396,USD,3619.8,BUY
TRD-000896,2024-02-19,WAM-001,WFC,Financials,200,44.7905,USD,8958.1,BUY
TRD-000901,2024-02-26,WAM-001,BLK,Financials,-100,564.7349,USD,56473.49,SELL
TRD-000903,2024-02-26,WAM-001,SCHW,Financials,50,73.2122,USD,3660.61,BUY
TRD-000902,2024-02-26,WAM-001,BAC,Financials,-50,55.8887,USD,2794.43,SELL
TRD-000904,2024-02-26,WAM-001,WFC,Financials,50,43.924,USD,2196.2,BUY
TRD-000900,2024-02-26,WAM-001,GS,Financials,50,447.7593,USD,22387.97,BUY
TRD-000898,2024-02-26,WAM-001,MSFT,Technology,100,522.2121,USD,52221.21,BUY
TRD-000897,2024-02-26,WAM-001,AAPL,Technology,50,211.6613,USD,10583.07,BUY
TRD-000899,2024-02-26,WAM-001,JPM,Financials,-50,187.9405,USD,9397.02,SELL
TRD-000905,2024-03-04,WAM-001,AAPL,Technology,-50,228.2179,USD,11410.89,SELL
TRD-000906,2024-03-04,WAM-001,MSFT,Technology,200,526.2111,USD,105242.22,BUY
TRD-000907,2024-03-04,WAM-001,JPM,Financials,-100,200.0774,USD,20007.74,SELL
TRD-000908,2024-03-04,WAM-001,GS,Financials,-50,428.1438,USD,21407.19,SELL
TRD-000909,2024-03-04,WAM-001,BLK,Financials,-100,517.2107,USD,51721.07,SELL
TRD-000910,2024-03-04,WAM-001,BAC,Financials,-100,54.6619,USD,5466.19,SELL
TRD-000911,2024-03-04,WAM-001,SCHW,Financials,-50,73.3488,USD,3667.44,SELL
TRD-000912,2024-03-04,WAM-001,WFC,Financials,50,47.1499,USD,2357.49,BUY
TRD-000919,2024-03-11,WAM-001,SCHW,Financials,-100,69.613,USD,6961.3,SELL
TRD-000918,2024-03-11,WAM-001,BAC,Financials,200,56.3363,USD,11267.26,BUY
TRD-000917,2024-03-11,WAM-001,BLK,Financials,-50,531.5374,USD,26576.87,SELL
TRD-000920,2024-03-11,WAM-001,WFC,Financials,-100,50.4007,USD,5040.07,SELL
TRD-000915,2024-03-11,WAM-001,JPM,Financials,-100,210.84,USD,21084.0,SELL
TRD-000914,2024-03-11,WAM-001,MSFT,Technology,-100,550.8154,USD,55081.54,SELL
TRD-000913,2024-03-11,WAM-001,AAPL,Technology,200,207.0518,USD,41410.36,BUY
TRD-000916,2024-03-11,WAM-001,GS,Financials,50,399.0029,USD,19950.15,BUY
TRD-000927,2024-03-18,WAM-001,SCHW,Financials,200,71.2122,USD,14242.44,BUY
TRD-000926,2024-03-18,WAM-001,BAC,Financials,-100,55.2367,USD,5523.67,SELL
TRD-000925,2024-03-18,WAM-001,BLK,Financials,-100,519.6018,USD,51960.18,SELL
TRD-000928,2024-03-18,WAM-001,WFC,Financials,50,50.0652,USD,2503.26,BUY
TRD-000923,2024-03-18,WAM-001,JPM,Financials,100,215.7017,USD,21570.17,BUY
TRD-000922,2024-03-18,WAM-001,MSFT,Technology,50,564.8909,USD,28244.54,BUY
TRD-000921,2024-03-18,WAM-001,AAPL,Technology,-50,217.4977,USD,10874.89,SELL
TRD-000924,2024-03-18,WAM-001,GS,Financials,50,419.1179,USD,20955.9,BUY
TRD-000929,2024-03-25,WAM-001,AAPL,Technology,100,212.2634,USD,21226.34,BUY
TRD-000930,2024-03-25,WAM-001,MSFT,Technology,200,545.8628,USD,109172.56,BUY
TRD-000931,2024-03-25,WAM-001,JPM,Financials,100,215.6274,USD,21562.74,BUY
TRD-000932,2024-03-25,WAM-001,GS,Financials,200,416.8935,USD,83378.7,BUY
TRD-000933,2024-03-25,WAM-001,BLK,Financials,50,513.2993,USD,25664.97,BUY
TRD-000934,2024-03-25,WAM-001,BAC,Financials,-100,55.8652,USD,5586.52,SELL
TRD-000935,2024-03-25,WAM-001,SCHW,Financials,100,70.4593,USD,7045.93,BUY
TRD-000936,2024-03-25,WAM-001,WFC,Financials,50,52.0894,USD,2604.47,BUY
TRD-000942,2024-04-01,WAM-001,BAC,Financials,-100,58.271,USD,5827.1,SELL
TRD-000944,2024-04-01,WAM-001,WFC,Financials,-50,47.6316,USD,2381.58,SELL
TRD-000941,2024-04-01,WAM-001,BLK,Financials,200,507.2483,USD,101449.66,BUY
TRD-000943,2024-04-01,WAM-001,SCHW,Financials,200,70.3846,USD,14076.92,BUY
TRD-000939,2024-04-01,WAM-001,JPM,Financials,200,215.5191,USD,43103.82,BUY
TRD-000938,2024-04-01,WAM-001,MSFT,Technology,50,539.7002,USD,26985.01,BUY
TRD-000940,2024-04-01,WAM-001,GS,Financials,50,444.0171,USD,22200.86,BUY
TRD-000937,2024-04-01,WAM-001,AAPL,Technology,100,224.4578,USD,22445.78,BUY
TRD-000945,2024-04-08,WAM-001,AAPL,Technology,-100,220.8123,USD,22081.23,SELL
TRD-000946,2024-04-08,WAM-001,MSFT,Technology,50,539.5732,USD,26978.66,BUY
TRD-000947,2024-04-08,WAM-001,JPM,Financials,50,209.0346,USD,10451.73,BUY
TRD-000948,2024-04-08,WAM-001,GS,Financials,-50,423.8898,USD,21194.49,SELL
TRD-000949,2024-04-08,WAM-001,BLK,Financials,50,480.6265,USD,24031.33,BUY
TRD-000950,2024-04-08,WAM-001,BAC,Financials,-100,61.337,USD,6133.7,SELL
TRD-000951,2024-04-08,WAM-001,SCHW,Financials,-100,72.064,USD,7206.4,SELL
TRD-000952,2024-04-08,WAM-001,WFC,Financials,200,46.9961,USD,9399.22,BUY
TRD-000959,2024-04-15,WAM-001,SCHW,Financials,100,72.0597,USD,7205.97,BUY
TRD-000958,2024-04-15,WAM-001,BAC,Financials,-100,58.841,USD,5884.1,SELL
TRD-000957,2024-04-15,WAM-001,BLK,Financials,-100,509.877,USD,50987.7,SELL
TRD-000960,2024-04-15,WAM-001,WFC,Financials,100,47.4836,USD,4748.36,BUY
TRD-000955,2024-04-15,WAM-001,JPM,Financials,-50,228.3187,USD,11415.93,SELL
TRD-000954,2024-04-15,WAM-001,MSFT,Technology,50,521.2178,USD,26060.89,BUY
TRD-000953,2024-04-15,WAM-001,AAPL,Technology,100,227.1426,USD,22714.26,BUY
TRD-000956,2024-04-15,WAM-001,GS,Financials,-100,435.5218,USD,43552.18,SELL
TRD-000967,2024-04-22,WAM-001,SCHW,Financials,-50,75.0342,USD,3751.71,SELL
TRD-000966,2024-04-22,WAM-001,BAC,Financials,-100,58.4103,USD,5841.03,SELL
TRD-000965,2024-04-22,WAM-001,BLK,Financials,100,511.5369,USD,51153.69,BUY
TRD-000968,2024-04-22,WAM-001,WFC,Financials,50,50.0113,USD,2500.57,BUY
TRD-000963,2024-04-22,WAM-001,JPM,Financials,100,223.1508,USD,22315.08,BUY
TRD-000962,2024-04-22,WAM-001,MSFT,Technology,-50,535.9181,USD,26795.9,SELL
TRD-000961,2024-04-22,WAM-001,AAPL,Technology,50,220.5601,USD,11028.01,BUY
TRD-000964,2024-04-22,WAM-001,GS,Financials,200,446.4765,USD,89295.3,BUY
TRD-000969,2024-04-29,WAM-001,AAPL,Technology,100,231.0404,USD,23104.04,BUY
TRD-000970,2024-04-29,WAM-001,MSFT,Technology,-100,534.7146,USD,53471.46,SELL
TRD-000971,2024-04-29,WAM-001,JPM,Financials,200,220.1325,USD,44026.5,BUY
TRD-000972,2024-04-29,WAM-001,GS,Financials,200,450.5018,USD,90100.36,BUY
TRD-000973,2024-04-29,WAM-001,BLK,Financials,50,513.4726,USD,25673.63,BUY
TRD-000974,2024-04-29,WAM-001,BAC,Financials,50,57.781,USD,2889.05,BUY
TRD-000975,2024-04-29,WAM-001,SCHW,Financials,100,71.0973,USD,7109.73,BUY
TRD-000976,2024-04-29,WAM-001,WFC,Financials,50,53.2666,USD,2663.33,BUY
TRD-000982,2024-05-06,WAM-001,BAC,Financials,50,58.1701,USD,2908.51,BUY
TRD-000984,2024-05-06,WAM-001,WFC,Financials,-100,53.7619,USD,5376.19,SELL
TRD-000983,2024-05-06,WAM-001,SCHW,Financials,100,67.0319,USD,6703.19,BUY
TRD-000981,2024-05-06,WAM-001,BLK,Financials,100,521.6858,USD,52168.58,BUY
TRD-000980,2024-05-06,WAM-001,GS,Financials,100,469.666,USD,46966.6,BUY
TRD-000979,2024-05-06,WAM-001,JPM,Financials,-100,214.3464,USD,21434.64,SELL
TRD-000978,2024-05-06,WAM-001,MSFT,Technology,-100,543.9848,USD,54398.48,SELL
TRD-000977,2024-05-06,WAM-001,AAPL,Technology,-100,229.9591,USD,22995.91,SELL
TRD-000985,2024-05-13,WAM-001,AAPL,Technology,-50,239.7226,USD,11986.13,SELL
TRD-000986,2024-05-13,WAM-001,MSFT,Technology,-100,545.8483,USD,54584.83,SELL
TRD-000987,2024-05-13,WAM-001,JPM,Financials,-50,205.7828,USD,10289.14,SELL
TRD-000988,2024-05-13,WAM-001,GS,Financials,50,478.5259,USD,23926.29,BUY
TRD-000989,2024-05-13,WAM-001,BLK,Financials,200,555.9544,USD,111190.88,BUY
TRD-000990,2024-05-13,WAM-001,BAC,Financials,100,56.0377,USD,5603.77,BUY
TRD-000991,2024-05-13,WAM-001,SCHW,Financials,100,67.6769,USD,6767.69,BUY
TRD-000992,2024-05-13,WAM-001,WFC,Financials,-100,56.6801,USD,5668.01,SELL
TRD-001000,2024-05-20,WAM-001,WFC,Financials,-50,54.5403,USD,2727.02,SELL
TRD-000999,2024-05-20,WAM-001,SCHW,Financials,200,65.771,USD,13154.2,BUY
TRD-000998,2024-05-20,WAM-001,BAC,Financials,100,55.1793,USD,5517.93,BUY
TRD-000997,2024-05-20,WAM-001,BLK,Financials,-100,544.0639,USD,54406.39,SELL
TRD-000993,2024-05-20,WAM-001,AAPL,Technology,-100,247.5764,USD,24757.64,SELL
TRD-000995,2024-05-20,WAM-001,JPM,Financials,100,205.6199,USD,20561.99,BUY
TRD-000994,2024-05-20,WAM-001,MSFT,Technology,-50,559.6821,USD,27984.1,SELL
TRD-000996,2024-05-20,WAM-001,GS,Financials,50,472.4325,USD,23621.62,BUY
TRD-001006,2024-05-27,WAM-001,BAC,Financials,100,56.089,USD,5608.9,BUY
TRD-001008,2024-05-27,WAM-001,WFC,Financials,200,54.9081,USD,10981.62,BUY
TRD-001007,2024-05-27,WAM-001,SCHW,Financials,100,65.3098,USD,6530.98,BUY
TRD-001005,2024-05-27,WAM-001,BLK,Financials,100,517.8135,USD,51781.35,BUY
TRD-001001,2024-05-27,WAM-001,AAPL,Technology,-100,268.7856,USD,26878.56,SELL
TRD-001003,2024-05-27,WAM-001,JPM,Financials,50,198.5593,USD,9927.97,BUY
TRD-001002,2024-05-27,WAM-001,MSFT,Technology,-100,552.6625,USD,55266.25,SELL
TRD-001004,2024-05-27,WAM-001,GS,Financials,-100,468.401,USD,46840.1,SELL
TRD-001009,2024-06-03,WAM-001,AAPL,Technology,200,267.2808,USD,53456.16,BUY
TRD-001010,2024-06-03,WAM-001,MSFT,Technology,-100,564.3085,USD,56430.85,SELL
TRD-001011,2024-06-03,WAM-001,JPM,Financials,200,194.6929,USD,38938.58,BUY
TRD-001012,2024-06-03,WAM-001,GS,Financials,200,449.1624,USD,89832.48,BUY
TRD-001013,2024-06-03,WAM-001,BLK,Financials,50,499.8862,USD,24994.31,BUY
TRD-001014,2024-06-03,WAM-001,BAC,Financials,200,55.4676,USD,11093.52,BUY
TRD-001015,2024-06-03,WAM-001,SCHW,Financials,-50,66.1855,USD,3309.28,SELL
TRD-001016,2024-06-03,WAM-001,WFC,Financials,-50,55.7167,USD,2785.84,SELL
TRD-001022,2024-06-10,WAM-001,BAC,Financials,100,56.8995,USD,5689.95,BUY
TRD-001024,2024-06-10,WAM-001,WFC,Financials,50,54.9503,USD,2747.51,BUY
TRD-001023,2024-06-10,WAM-001,SCHW,Financials,50,66.7008,USD,3335.04,BUY
TRD-001021,2024-06-10,WAM-001,BLK,Financials,-100,479.0275,USD,47902.75,SELL
TRD-001020,2024-06-10,WAM-001,GS,Financials,50,455.5008,USD,22775.04,BUY
TRD-001019,2024-06-10,WAM-001,JPM,Financials,100,202.4839,USD,20248.39,BUY
TRD-001018,2024-06-10,WAM-001,MSFT,Technology,-100,553.6444,USD,55364.44,SELL
TRD-001017,2024-06-10,WAM-001,AAPL,Technology,-50,259.8362,USD,12991.81,SELL
TRD-001025,2024-06-17,WAM-001,AAPL,Technology,50,245.6414,USD,12282.07,BUY
TRD-001026,2024-06-17,WAM-001,MSFT,Technology,-50,575.8892,USD,28794.46,SELL
TRD-001027,2024-06-17,WAM-001,JPM,Financials,-50,203.4714,USD,10173.57,SELL
TRD-001028,2024-06-17,WAM-001,GS,Financials,-50,458.4858,USD,22924.29,SELL
TRD-001029,2024-06-17,WAM-001,BLK,Financials,50,520.2862,USD,26014.31,BUY
TRD-001030,2024-06-17,WAM-001,BAC,Financials,50,53.5397,USD,2676.99,BUY
TRD-001031,2024-06-17,WAM-001,SCHW,Financials,-50,66.4864,USD,3324.32,SELL
TRD-001032,2024-06-17,WAM-001,WFC,Financials,50,55.2801,USD,2764.0,BUY
TRD-001039,2024-06-24,WAM-001,SCHW,Financials,-50,71.9181,USD,3595.9,SELL
TRD-001038,2024-06-24,WAM-001,BAC,Financials,-100,55.7219,USD,5572.19,SELL
TRD-001037,2024-06-24,WAM-001,BLK,Financials,50,500.5131,USD,25025.65,BUY
TRD-001040,2024-06-24,WAM-001,WFC,Financials,-100,57.3051,USD,5730.51,SELL
TRD-001035,2024-06-24,WAM-001,JPM,Financials,-50,207.8903,USD,10394.51,SELL
TRD-001034,2024-06-24,WAM-001,MSFT,Technology,-50,578.6121,USD,28930.61,SELL
TRD-001033,2024-06-24,WAM-001,AAPL,Technology,-50,243.4122,USD,12170.61,SELL
TRD-001036,2024-06-24,WAM-001,GS,Financials,100,451.4429,USD,45144.29,BUY
TRD-001047,2024-07-01,WAM-001,SCHW,Financials,100,74.82,USD,7482.0,BUY
TRD-001046,2024-07-01,WAM-001,BAC,Financials,-100,53.5527,USD,5355.27,SELL
TRD-001045,2024-07-01,WAM-001,BLK,Financials,-50,489.3796,USD,24468.98,SELL
TRD-001048,2024-07-01,WAM-001,WFC,Financials,50,55.2847,USD,2764.24,BUY
TRD-001043,2024-07-01,WAM-001,JPM,Financials,-50,198.7888,USD,9939.44,SELL
TRD-001042,2024-07-01,WAM-001,MSFT,Technology,50,580.0186,USD,29000.93,BUY
TRD-001041,2024-07-01,WAM-001,AAPL,Technology,100,233.3221,USD,23332.21,BUY
TRD-001044,2024-07-01,WAM-001,GS,Financials,-50,432.3144,USD,21615.72,SELL
TRD-001049,2024-07-08,WAM-001,AAPL,Technology,100,251.8482,USD,25184.82,BUY
TRD-001050,2024-07-08,WAM-001,MSFT,Technology,-50,571.2176,USD,28560.88,SELL
TRD-001051,2024-07-08,WAM-001,JPM,Financials,100,184.8055,USD,18480.55,BUY
TRD-001052,2024-07-08,WAM-001,GS,Financials,-100,419.1131,USD,41911.31,SELL
TRD-001053,2024-07-08,WAM-001,BLK,Financials,200,480.9417,USD,96188.34,BUY
TRD-001054,2024-07-08,WAM-001,BAC,Financials,200,53.4668,USD,10693.36,BUY
TRD-001055,2024-07-08,WAM-001,SCHW,Financials,50,75.4758,USD,3773.79,BUY
TRD-001056,2024-07-08,WAM-001,WFC,Financials,50,58.4652,USD,2923.26,BUY
TRD-001063,2024-07-15,WAM-001,SCHW,Financials,-50,70.9893,USD,3549.47,SELL
TRD-001064,2024-07-15,WAM-001,WFC,Financials,100,56.9418,USD,5694.18,BUY
TRD-001062,2024-07-15,WAM-001,BAC,Financials,100,54.0901,USD,5409.01,BUY
TRD-001061,2024-07-15,WAM-001,BLK,Financials,-50,461.8771,USD,23093.85,SELL
TRD-001059,2024-07-15,WAM-001,JPM,Financials,-100,178.4648,USD,17846.48,SELL
TRD-001058,2024-07-15,WAM-001,MSFT,Technology,50,588.4682,USD,29423.41,BUY
TRD-001057,2024-07-15,WAM-001,AAPL,Technology,100,253.0109,USD,25301.09,BUY
TRD-001060,2024-07-15,WAM-001,GS,Financials,-50,400.1511,USD,20007.56,SELL
TRD-001065,2024-07-22,WAM-001,AAPL,Technology,50,243.1615,USD,12158.07,BUY
TRD-001066,2024-07-22,WAM-001,MSFT,Technology,50,603.4549,USD,30172.74,BUY
TRD-001067,2024-07-22,WAM-001,JPM,Financials,-100,182.4919,USD,18249.19,SELL
TRD-001068,2024-07-22,WAM-001,GS,Financials,-50,415.0643,USD,20753.22,SELL
TRD-001069,2024-07-22,WAM-001,BLK,Financials,-100,456.9399,USD,45693.99,SELL
TRD-001070,2024-07-22,WAM-001,BAC,Financials,200,53.194,USD,10638.8,BUY
TRD-001071,2024-07-22,WAM-001,SCHW,Financials,-100,73.7953,USD,7379.53,SELL
TRD-001072,2024-07-22,WAM-001,WFC,Financials,100,55.0416,USD,5504.16,BUY
TRD-001080,2024-07-29,WAM-001,WFC,Financials,-50,53.3748,USD,2668.74,SELL
TRD-001078,2024-07-29,WAM-001,BAC,Financials,50,55.1267,USD,2756.34,BUY
TRD-001077,2024-07-29,WAM-001,BLK,Financials,-100,484.1582,USD,48415.82,SELL
TRD-001079,2024-07-29,WAM-001,SCHW,Financials,-100,73.9263,USD,7392.63,SELL
TRD-001075,2024-07-29,WAM-001,JPM,Financials,50,180.968,USD,9048.4,BUY
TRD-001074,2024-07-29,WAM-001,MSFT,Technology,-100,579.2679,USD,57926.79,SELL
TRD-001073,2024-07-29,WAM-001,AAPL,Technology,100,242.9659,USD,24296.59,BUY
TRD-001076,2024-07-29,WAM-001,GS,Financials,200,391.1715,USD,78234.3,BUY
TRD-001088,2024-08-05,WAM-001,WFC,Financials,100,55.0577,USD,5505.77,BUY
TRD-001086,2024-08-05,WAM-001,BAC,Financials,100,55.2015,USD,5520.15,BUY
TRD-001085,2024-08-05,WAM-001,BLK,Financials,50,460.0144,USD,23000.72,BUY
TRD-001087,2024-08-05,WAM-001,SCHW,Financials,-50,72.8191,USD,3640.96,SELL
TRD-001083,2024-08-05,WAM-001,JPM,Financials,-50,173.0183,USD,8650.92,SELL
TRD-001082,2024-08-05,WAM-001,MSFT,Technology,-50,576.4106,USD,28820.53,SELL
TRD-001081,2024-08-05,WAM-001,AAPL,Technology,100,231.2964,USD,23129.64,BUY
TRD-001084,2024-08-05,WAM-001,GS,Financials,200,385.2701,USD,77054.02,BUY
TRD-001096,2024-08-12,WAM-001,WFC,Financials,50,56.3648,USD,2818.24,BUY
TRD-001089,2024-08-12,WAM-001,AAPL,Technology,50,240.5733,USD,12028.66,BUY
TRD-001090,2024-08-12,WAM-001,MSFT,Technology,-100,607.1441,USD,60714.41,SELL
TRD-001091,2024-08-12,WAM-001,JPM,Financials,-50,166.1363,USD,8306.82,SELL
TRD-001092,2024-08-12,WAM-001,GS,Financials,50,379.2036,USD,18960.18,BUY
TRD-001093,2024-08-12,WAM-001,BLK,Financials,100,446.1307,USD,44613.07,BUY
TRD-001094,2024-08-12,WAM-001,BAC,Financials,50,54.073,USD,2703.65,BUY
TRD-001095,2024-08-12,WAM-001,SCHW,Financials,-100,68.4431,USD,6844.31,SELL
TRD-001104,2024-08-19,WAM-001,WFC,Financials,-100,56.9291,USD,5692.91,SELL
TRD-001102,2024-08-19,WAM-001,BAC,Financials,200,55.6443,USD,11128.86,BUY
TRD-001103,2024-08-19,WAM-001,SCHW,Financials,200,68.8281,USD,13765.62,BUY
TRD-001101,2024-08-19,WAM-001,BLK,Financials,100,466.8349,USD,46683.49,BUY
TRD-001098,2024-08-19,WAM-001,MSFT,Technology,-50,589.06,USD,29453.0,SELL
TRD-001099,2024-08-19,WAM-001,JPM,Financials,-50,163.0493,USD,8152.46,SELL
TRD-001100,2024-08-19,WAM-001,GS,Financials,200,368.6008,USD,73720.16,BUY
TRD-001097,2024-08-19,WAM-001,AAPL,Technology,100,234.2659,USD,23426.59,BUY
TRD-001105,2024-08-26,WAM-001,AAPL,Technology,100,240.1713,USD,24017.13,BUY
TRD-001106,2024-08-26,WAM-001,MSFT,Technology,-50,597.7147,USD,29885.74,SELL
TRD-001107,2024-08-26,WAM-001,JPM,Financials,100,155.7869,USD,15578.69,BUY
TRD-001108,2024-08-26,WAM-001,GS,Financials,-100,380.8929,USD,38089.29,SELL
TRD-001109,2024-08-26,WAM-001,BLK,Financials,100,456.3502,USD,45635.02,BUY
TRD-001110,2024-08-26,WAM-001,BAC,Financials,100,57.7533,USD,5775.33,BUY
TRD-001111,2024-08-26,WAM-001,SCHW,Financials,200,69.4743,USD,13894.86,BUY
TRD-001112,2024-08-26,WAM-001,WFC,Financials,100,61.2949,USD,6129.49,BUY
TRD-001120,2024-09-02,WAM-001,WFC,Financials,200,65.1124,USD,13022.48,BUY
TRD-001119,2024-09-02,WAM-001,SCHW,Financials,200,68.6767,USD,13735.34,BUY
TRD-001118,2024-09-02,WAM-001,BAC,Financials,100,57.7046,USD,5770.46,BUY
TRD-001117,2024-09-02,WAM-001,BLK,Financials,200,455.0149,USD,91002.98,BUY
TRD-001114,2024-09-02,WAM-001,MSFT,Technology,200,595.6706,USD,119134.12,BUY
TRD-001115,2024-09-02,WAM-001,JPM,Financials,50,150.7331,USD,7536.66,BUY
TRD-001113,2024-09-02,WAM-001,AAPL,Technology,200,244.8107,USD,48962.14,BUY
TRD-001116,2024-09-02,WAM-001,GS,Financials,-100,375.6297,USD,37562.97,SELL
TRD-001126,2024-09-09,WAM-001,BAC,Financials,50,58.5483,USD,2927.41,BUY
TRD-001128,2024-09-09,WAM-001,WFC,Financials,50,65.6832,USD,3284.16,BUY
TRD-001127,2024-09-09,WAM-001,SCHW,Financials,200,67.9319,USD,13586.38,BUY
TRD-001125,2024-09-09,WAM-001,BLK,Financials,-50,462.7176,USD,23135.88,SELL
TRD-001121,2024-09-09,WAM-001,AAPL,Technology,200,243.3598,USD,48671.96,BUY
TRD-001123,2024-09-09,WAM-001,JPM,Financials,-50,152.8727,USD,7643.64,SELL
TRD-001122,2024-09-09,WAM-001,MSFT,Technology,-50,594.6677,USD,29733.38,SELL
TRD-001124,2024-09-09,WAM-001,GS,Financials,-50,372.4655,USD,18623.28,SELL
TRD-001129,2024-09-16,WAM-001,AAPL,Technology,100,230.8792,USD,23087.92,BUY
TRD-001130,2024-09-16,WAM-001,MSFT,Technology,-100,590.4779,USD,59047.79,SELL
TRD-001131,2024-09-16,WAM-001,JPM,Financials,50,154.7489,USD,7737.44,BUY
TRD-001132,2024-09-16,WAM-001,GS,Financials,-50,359.2131,USD,17960.65,SELL
TRD-001133,2024-09-16,WAM-001,BLK,Financials,-50,432.2304,USD,21611.52,SELL
TRD-001134,2024-09-16,WAM-001,BAC,Financials,100,59.6053,USD,5960.53,BUY
TRD-001135,2024-09-16,WAM-001,SCHW,Financials,200,68.1185,USD,13623.7,BUY
TRD-001136,2024-09-16,WAM-001,WFC,Financials,-100,65.4759,USD,6547.59,SELL
TRD-001142,2024-09-23,WAM-001,BAC,Financials,50,56.6416,USD,2832.08,BUY
TRD-001143,2024-09-23,WAM-001,SCHW,Financials,50,68.1403,USD,3407.01,BUY
TRD-001144,2024-09-23,WAM-001,WFC,Financials,-50,69.7207,USD,3486.03,SELL
TRD-001141,2024-09-23,WAM-001,BLK,Financials,50,471.5272,USD,23576.36,BUY
TRD-001139,2024-09-23,WAM-001,JPM,Financials,200,150.1553,USD,30031.06,BUY
TRD-001138,2024-09-23,WAM-001,MSFT,Technology,200,579.2193,USD,115843.86,BUY
TRD-001137,2024-09-23,WAM-001,AAPL,Technology,50,234.3803,USD,11719.01,BUY
TRD-001140,2024-09-23,WAM-001,GS,Financials,50,351.3668,USD,17568.34,BUY
TRD-001145,2024-09-30,WAM-001,AAPL,Technology,200,234.7497,USD,46949.94,BUY
TRD-001146,2024-09-30,WAM-001,MSFT,Technology,200,557.05,USD,111410.0,BUY
TRD-001147,2024-09-30,WAM-001,JPM,Financials,-50,149.8087,USD,7490.43,SELL
TRD-001148,2024-09-30,WAM-001,GS,Financials,200,348.2943,USD,69658.86,BUY
TRD-001149,2024-09-30,WAM-001,BLK,Financials,50,474.2531,USD,23712.66,BUY
TRD-001150,2024-09-30,WAM-001,BAC,Financials,-100,56.1496,USD,5614.96,SELL
TRD-001151,2024-09-30,WAM-001,SCHW,Financials,200,66.1618,USD,13232.36,BUY
TRD-001152,2024-09-30,WAM-001,WFC,Financials,-100,68.4748,USD,6847.48,SELL
TRD-001159,2024-10-07,WAM-001,SCHW,Financials,-100,67.8835,USD,6788.35,SELL
TRD-001158,2024-10-07,WAM-001,BAC,Financials,-50,56.9097,USD,2845.49,SELL
TRD-001157,2024-10-07,WAM-001,BLK,Financials,-50,471.9222,USD,23596.11,SELL
TRD-001160,2024-10-07,WAM-001,WFC,Financials,200,70.5449,USD,14108.98,BUY
TRD-001155,2024-10-07,WAM-001,JPM,Financials,100,152.8345,USD,15283.45,BUY
TRD-001154,2024-10-07,WAM-001,MSFT,Technology,-50,558.3764,USD,27918.82,SELL
TRD-001153,2024-10-07,WAM-001,AAPL,Technology,-100,239.3727,USD,23937.27,SELL
TRD-001156,2024-10-07,WAM-001,GS,Financials,200,341.1822,USD,68236.44,BUY
TRD-001167,2024-10-14,WAM-001,SCHW,Financials,50,66.2275,USD,3311.38,BUY
TRD-001166,2024-10-14,WAM-001,BAC,Financials,50,60.6798,USD,3033.99,BUY
TRD-001165,2024-10-14,WAM-001,BLK,Financials,100,506.3335,USD,50633.35,BUY
TRD-001168,2024-10-14,WAM-001,WFC,Financials,-100,70.2499,USD,7024.99,SELL
TRD-001163,2024-10-14,WAM-001,JPM,Financials,-50,149.9574,USD,7497.87,SELL
TRD-001162,2024-10-14,WAM-001,MSFT,Technology,50,556.3125,USD,27815.62,BUY
TRD-001161,2024-10-14,WAM-001,AAPL,Technology,-50,232.3916,USD,11619.58,SELL
TRD-001164,2024-10-14,WAM-001,GS,Financials,50,342.4619,USD,17123.1,BUY
TRD-001169,2024-10-21,WAM-001,AAPL,Technology,-50,228.4186,USD,11420.93,SELL
TRD-001170,2024-10-21,WAM-001,MSFT,Technology,100,592.5556,USD,59255.56,BUY
TRD-001171,2024-10-21,WAM-001,JPM,Financials,-50,150.5285,USD,7526.43,SELL
TRD-001172,2024-10-21,WAM-001,GS,Financials,50,327.6407,USD,16382.03,BUY
TRD-001173,2024-10-21,WAM-001,BLK,Financials,50,511.435,USD,25571.75,BUY
TRD-001174,2024-10-21,WAM-001,BAC,Financials,-50,58.5524,USD,2927.62,SELL
TRD-001175,2024-10-21,WAM-001,SCHW,Financials,100,64.4549,USD,6445.49,BUY
TRD-001176,2024-10-21,WAM-001,WFC,Financials,100,66.8573,USD,6685.73,BUY
TRD-001184,2024-10-28,WAM-001,WFC,Financials,100,64.6963,USD,6469.63,BUY
TRD-001183,2024-10-28,WAM-001,SCHW,Financials,-50,66.4141,USD,3320.71,SELL
TRD-001182,2024-10-28,WAM-001,BAC,Financials,50,60.8926,USD,3044.63,BUY
TRD-001181,2024-10-28,WAM-001,BLK,Financials,-50,482.1265,USD,24106.33,SELL
TRD-001179,2024-10-28,WAM-001,JPM,Financials,50,146.2771,USD,7313.85,BUY
TRD-001178,2024-10-28,WAM-001,MSFT,Technology,50,601.6442,USD,30082.21,BUY
TRD-001177,2024-10-28,WAM-001,AAPL,Technology,-100,224.8636,USD,22486.36,SELL
TRD-001180,2024-10-28,WAM-001,GS,Financials,-100,320.6162,USD,32061.62,SELL
TRD-001185,2024-11-04,WAM-001,AAPL,Technology,200,243.6518,USD,48730.36,BUY
TRD-001186,2024-11-04,WAM-001,MSFT,Technology,-100,592.2861,USD,59228.61,SELL
TRD-001187,2024-11-04,WAM-001,JPM,Financials,50,142.2709,USD,7113.55,BUY
TRD-001188,2024-11-04,WAM-001,GS,Financials,-100,324.116,USD,32411.6,SELL
TRD-001189,2024-11-04,WAM-001,BLK,Financials,100,508.2957,USD,50829.57,BUY
TRD-001190,2024-11-04,WAM-001,BAC,Financials,100,60.3721,USD,6037.21,BUY
TRD-001191,2024-11-04,WAM-001,SCHW,Financials,100,67.3667,USD,6736.67,BUY
TRD-001192,2024-11-04,WAM-001,WFC,Financials,100,61.2592,USD,6125.92,BUY
TRD-001200,2024-11-11,WAM-001,WFC,Financials,-100,64.8746,USD,6487.46,SELL
TRD-001199,2024-11-11,WAM-001,SCHW,Financials,-50,68.3708,USD,3418.54,SELL
TRD-001198,2024-11-11,WAM-001,BAC,Financials,100,63.3877,USD,6338.77,BUY
TRD-001197,2024-11-11,WAM-001,BLK,Financials,-50,522.8374,USD,26141.87,SELL
TRD-001193,2024-11-11,WAM-001,AAPL,Technology,200,230.9184,USD,46183.68,BUY
TRD-001195,2024-11-11,WAM-001,JPM,Financials,-50,145.9201,USD,7296.0,SELL
TRD-001194,2024-11-11,WAM-001,MSFT,Technology,-50,653.4986,USD,32674.93,SELL
TRD-001196,2024-11-11,WAM-001,GS,Financials,200,308.5841,USD,61716.82,BUY
TRD-001206,2024-11-18,WAM-001,BAC,Financials,100,62.5342,USD,6253.42,BUY
TRD-001208,2024-11-18,WAM-001,WFC,Financials,100,63.6255,USD,6362.55,BUY
TRD-001207,2024-11-18,WAM-001,SCHW,Financials,100,63.6174,USD,6361.74,BUY
TRD-001205,2024-11-18,WAM-001,BLK,Financials,-100,515.0243,USD,51502.43,SELL
TRD-001201,2024-11-18,WAM-001,AAPL,Technology,-50,218.4223,USD,10921.11,SELL
TRD-001203,2024-11-18,WAM-001,JPM,Financials,50,142.2157,USD,7110.78,BUY
TRD-001202,2024-11-18,WAM-001,MSFT,Technology,-100,690.3831,USD,69038.31,SELL
TRD-001204,2024-11-18,WAM-001,GS,Financials,-100,316.1919,USD,31619.19,SELL
TRD-001209,2024-11-25,WAM-001,AAPL,Technology,-100,207.2082,USD,20720.82,SELL
TRD-001210,2024-11-25,WAM-001,MSFT,Technology,200,713.7523,USD,142750.46,BUY
TRD-001211,2024-11-25,WAM-001,JPM,Financials,100,141.968,USD,14196.8,BUY
TRD-001212,2024-11-25,WAM-001,GS,Financials,100,303.9138,USD,30391.38,BUY
TRD-001213,2024-11-25,WAM-001,BLK,Financials,-100,543.0751,USD,54307.51,SELL
TRD-001214,2024-11-25,WAM-001,BAC,Financials,50,63.0768,USD,3153.84,BUY
TRD-001215,2024-11-25,WAM-001,SCHW,Financials,50,60.9446,USD,3047.23,BUY
TRD-001216,2024-11-25,WAM-001,WFC,Financials,-50,65.0251,USD,3251.25,SELL
TRD-001224,2024-12-02,WAM-001,WFC,Financials,-100,62.7057,USD,6270.57,SELL
TRD-001223,2024-12-02,WAM-001,SCHW,Financials,100,56.1662,USD,5616.62,BUY
TRD-001222,2024-12-02,WAM-001,BAC,Financials,200,64.3004,USD,12860.08,BUY
TRD-001221,2024-12-02,WAM-001,BLK,Financials,200,580.1188,USD,116023.76,BUY
TRD-001219,2024-12-02,WAM-001,JPM,Financials,200,138.1295,USD,27625.9,BUY
TRD-001218,2024-12-02,WAM-001,MSFT,Technology,100,716.6024,USD,71660.24,BUY
TRD-001217,2024-12-02,WAM-001,AAPL,Technology,50,219.6691,USD,10983.45,BUY
TRD-001220,2024-12-02,WAM-001,GS,Financials,-50,310.1304,USD,15506.52,SELL
TRD-001225,2024-12-09,WAM-001,AAPL,Technology,-100,232.9089,USD,23290.89,SELL
TRD-001226,2024-12-09,WAM-001,MSFT,Technology,-100,729.4436,USD,72944.36,SELL
TRD-001227,2024-12-09,WAM-001,JPM,Financials,50,137.0537,USD,6852.68,BUY
TRD-001228,2024-12-09,WAM-001,GS,Financials,-100,305.1343,USD,30513.43,SELL
TRD-001229,2024-12-09,WAM-001,BLK,Financials,100,595.0382,USD,59503.82,BUY
TRD-001230,2024-12-09,WAM-001,BAC,Financials,50,61.9732,USD,3098.66,BUY
TRD-001231,2024-12-09,WAM-001,SCHW,Financials,-100,55.8886,USD,5588.86,SELL
TRD-001232,2024-12-09,WAM-001,WFC,Financials,200,64.6328,USD,12926.56,BUY
TRD-001240,2024-12-16,WAM-001,WFC,Financials,100,67.845,USD,6784.5,BUY
TRD-001238,2024-12-16,WAM-001,BAC,Financials,100,60.3829,USD,6038.29,BUY
TRD-001237,2024-12-16,WAM-001,BLK,Financials,200,603.7395,USD,120747.9,BUY
TRD-001239,2024-12-16,WAM-001,SCHW,Financials,-50,55.1586,USD,2757.93,SELL
TRD-001235,2024-12-16,WAM-001,JPM,Financials,-50,134.4047,USD,6720.23,SELL
TRD-001234,2024-12-16,WAM-001,MSFT,Technology,100,728.0921,USD,72809.21,BUY
TRD-001233,2024-12-16,WAM-001,AAPL,Technology,100,242.8794,USD,24287.94,BUY
TRD-001236,2024-12-16,WAM-001,GS,Financials,100,307.4507,USD,30745.07,BUY
TRD-001248,2024-12-23,WAM-001,WFC,Financials,50,68.3583,USD,3417.91,BUY
TRD-001247,2024-12-23,WAM-001,SCHW,Financials,-100,52.0809,USD,5208.09,SELL
TRD-001245,2024-12-23,WAM-001,BLK,Financials,100,616.202,USD,61620.2,BUY
TRD-001246,2024-12-23,WAM-001,BAC,Financials,-100,59.8332,USD,5983.32,SELL
TRD-001243,2024-12-23,WAM-001,JPM,Financials,100,139.0763,USD,13907.63,BUY
TRD-001242,2024-12-23,WAM-001,MSFT,Technology,-50,750.916,USD,37545.8,SELL
TRD-001241,2024-12-23,WAM-001,AAPL,Technology,100,253.9653,USD,25396.53,BUY
TRD-001244,2024-12-23,WAM-001,GS,Financials,50,311.3278,USD,15566.39,BUY
TRD-001255,2024-12-30,WAM-001,SCHW,Financials,-50,50.3666,USD,2518.33,SELL
TRD-001249,2024-12-30,WAM-001,AAPL,Technology,100,245.8542,USD,24585.42,BUY
TRD-001250,2024-12-30,WAM-001,MSFT,Technology,200,765.6216,USD,153124.32,BUY
TRD-001251,2024-12-30,WAM-001,JPM,Financials,100,142.9805,USD,14298.05,BUY
TRD-001252,2024-12-30,WAM-001,GS,Financials,-100,303.4048,USD,30340.48,SELL
TRD-001253,2024-12-30,WAM-001,BLK,Financials,-50,583.4409,USD,29172.05,SELL
TRD-001254,2024-12-30,WAM-001,BAC,Financials,50,61.5952,USD,3079.76,BUY
TRD-001256,2024-12-30,WAM-001,WFC,Financials,200,68.7942,USD,13758.84,BUY
